FULL NAME,TEAM,POS,AGE,GP,MPG,MIN%Minutes PercentagePercentage of team minutes used by a player while he was on the floor,"USG%Usage RateUsage rate, a.k.a., usage percentage is an estimate of the percentage of team plays used by a player while he was on the floor",TO%Turnover RateA metric that estimates the number of turnovers a player commits per 100 possessions,FTA,FT%,2PA,2P%,3PA,3P%,"eFG%Effective Shooting PercentageWith eFG%, three-point shots made are worth 50% more than two-point shots made. eFG% Formula=(FGM+ (0.5 x 3PM))/FGA","TS%True Shooting PercentageTrue shooting percentage is a measure of shooting efficiency that takes into account field goals, 3-point field goals, and free throws.",PPGPointsPoints per game.,RPGReboundsRebounds per game.,TRB%Total Rebound PercentageTotal rebound percentage is estimated percentage of available rebounds grabbed by the player while the player is on the court.,APGAssistsAssists per game.,AST%Assist PercentageAssist percentage is an estimated percentage of teammate field goals a player assisted while the player is on the court,SPGStealsSteals per game.,BPGBlocksBlocks per game.,TOPGTurnoversTurnovers per game.,"VIVersatility IndexVersatility index is a metric that measures a playerâ€™s ability to produce in points, assists, and rebounds. The average player will score around a five on the index, while top players score above 10",ORTGOffensive RatingIndividual offensive rating is the number of points produced by a player per 100 total individual possessions.,DRTGDefensive RatingIndividual defensive rating estimates how many points the player allowed per 100 possessions he individually faced while staying on the court.
Precious Achiuwa,Tor,F,22.13,10,23.2,48.4,20.2,11.6,20,0.55,78,0.385,12,0.167,0.367,0.39,7.7,8.7,20.1,1.4,8.7,0.5,0.3,1.3,7.8,88.8,95.1
Steven Adams,Mem,C,28.3,9,25.7,53.5,14.5,15.1,17,0.941,60,0.533,0,0,0.533,0.593,8.9,8.8,18.4,2.8,15.4,0.78,0.44,1.33,9.4,127.5,104
Bam Adebayo,Mia,C-F,24.3,7,31.4,65.4,26.9,15.9,47,0.851,96,0.51,0,0,0.51,0.591,19.7,12.9,21.3,1.9,9.6,1,0.57,3.14,10,111,90.9
Santi Aldama,Mem,F-C,20.82,3,7.1,14.9,26.2,0,3,0.667,6,0.5,6,0.167,0.375,0.413,3.7,1.7,12.6,0,0,0,0,0,0,97.2,98.8
LaMarcus Aldridge,Bro,C-F,36.3,8,19.9,41.4,22.9,8.6,17,0.706,60,0.7,7,0.286,0.672,0.685,12.8,4.9,12.7,0.5,4.7,0.25,1.25,0.88,6.3,127.8,96
Nickeil Alexander-Walker,Nor,G,23.18,10,31.3,65.2,22.5,8.9,11,0.818,73,0.438,76,0.263,0.416,0.432,13.3,4.8,8.1,2.6,13.3,1.2,0.6,1.5,7,92.1,109.9
Grayson Allen,Mil,G,26.08,9,28.6,59.5,17.9,3.7,12,0.917,22,0.5,77,0.403,0.581,0.604,14,4.3,7.8,1.3,7.1,0.67,0.44,0.44,6,122.7,106.9
Jarrett Allen,Cle,C,23.55,10,32.3,67.3,15.6,12.9,40,0.625,81,0.728,3,0.333,0.72,0.719,14.6,11.1,18.2,1.4,7,1.2,1,1.5,7.6,132.6,100
Jose Alvarado,Nor,G,23.57,2,3.5,7.2,24.2,0,0,0,2,0.5,2,0.5,0.625,0.625,2.5,0,0,0.5,29,0.5,0,0,0,0,0
Kyle Anderson,Mem,F-G,28.13,9,21.9,45.7,17,8.8,8,0.875,47,0.362,22,0.409,0.442,0.469,7.6,5.4,13.4,2.3,15,0.89,0.56,0.78,8.3,106.3,101.6
Giannis Antetokounmpo,Mil,F,26.92,9,31.3,65.2,34.5,13.1,80,0.75,118,0.602,45,0.311,0.564,0.616,27.1,10.3,17,6.1,37.7,1,1.78,3.33,15.3,119.8,99.1
Thanasis Antetokounmpo,Mil,F,29.3,9,19,39.5,14.4,15.6,11,0.636,41,0.512,3,0,0.477,0.502,5.4,5.2,14.2,1.4,10.9,1,0.11,1,7.2,107.3,97
Carmelo Anthony,Lal,F,37.44,9,27.8,57.9,20.7,7.2,14,0.786,48,0.479,61,0.525,0.651,0.664,17,3.9,7.4,1,5.3,0.78,0.89,1,5.8,122.7,106.3
Cole Anthony,Orl,G,21.48,10,34.3,71.5,24.6,13.9,36,0.833,75,0.44,77,0.403,0.523,0.563,18.9,7.5,11.7,5.5,28.7,0.9,0.1,2.7,10.7,109.8,101.9
OG Anunoby,Tor,F,24.31,10,36.8,76.8,24.3,7,23,0.87,108,0.444,80,0.375,0.495,0.52,20.6,5.7,8.3,2.8,12.2,1.7,0.7,1.5,7.5,111.6,100.7
D.J. Augustin,Hou,G,33.99,8,12.2,25.3,13.3,25.4,1,1,6,0.167,17,0.529,0.63,0.64,3.8,0.4,1.6,1.6,19.3,0.13,0,1,4.4,106.7,109.2
Deni Avdija,Was,F,20.84,9,21.3,44.5,14,13,22,0.545,25,0.52,19,0.263,0.466,0.494,5.9,5,12.4,1.2,7.8,0.44,0.89,0.89,6.2,103.3,100.8
Joel Ayayi,Was,G,21.67,1,3.5,7.3,0,0,0,0,0,0,0,0,0,0,0,0,0,0,0,0,0,0,0,0,0
Deandre Ayton,Pho,C,23.29,6,29.1,60.6,19.4,10.2,13,0.615,61,0.607,4,0.25,0.592,0.601,14.2,11.3,20.5,1.2,6.2,1.33,0.67,1.33,7.9,118.2,92.3
Marvin Bagley III,Sac,F,22.65,1,10.5,21.9,12.2,33.3,0,0,2,0.5,0,0,0.5,0.5,2,4,19.7,0,0,0,0,1,0,61.6,95
LaMelo Ball,Cha,G,20.21,10,30.3,63.1,27.9,12.3,20,0.95,97,0.464,73,0.411,0.529,0.556,19.9,5.7,9.9,7,36.6,1.7,0.4,2.5,12.2,113.2,104.5
Lonzo Ball,Chi,G,24.03,8,34.5,71.9,18.1,21.3,6,0.833,32,0.438,54,0.407,0.547,0.558,12.4,5.6,8.8,4.4,18,2,1.13,3,7.8,99.8,96.2
Mo Bamba,Orl,C,23.49,10,31.8,66.3,16,17,22,0.682,47,0.574,41,0.39,0.58,0.599,11.7,9,15.1,1.9,9.8,0.8,2.1,2,7.4,111.7,100.2
Desmond Bane,Mem,G,23.37,9,29,60.5,22.5,10.8,10,0.9,53,0.566,67,0.403,0.588,0.603,16.7,3.7,6.8,2.1,11.7,0.89,0.22,1.67,7,112.9,105.3
Dalano Banton,Tor,F,22,10,12,24.9,17.9,15.7,11,0.545,31,0.613,7,0.429,0.618,0.619,5.3,2.3,10.3,1.1,14.2,0.7,0.3,0.8,7.9,112.9,94.9
Harrison Barnes,Sac,F,29.44,9,37.2,77.5,21.4,10.1,59,0.847,64,0.516,61,0.459,0.6,0.662,22.2,9.6,13.3,2.6,10,0.89,0,1.89,8.8,129.3,105.8
Scottie Barnes,Tor,F,20.27,8,35.3,73.6,21.6,12.4,24,0.708,108,0.546,9,0.222,0.53,0.553,17.6,8.9,13.5,2.3,10.3,0.63,0.75,2.25,8.1,111.1,102.3
RJ Barrett,Nyk,F-G,21.39,9,35.4,73.7,22.6,10.8,34,0.735,78,0.526,55,0.4,0.556,0.585,19.2,5.8,8.6,2.7,12,0.44,0.33,2,7.6,111.6,103.2
Will Barton,Den,G,30.83,8,32.6,67.9,21,12.8,13,0.692,62,0.548,41,0.366,0.549,0.561,15.3,4.1,6.9,4.1,19.2,1.38,0.75,2,7.8,107.3,105.2
Charles Bassey,Phi,C-F,21.02,3,2.2,4.7,20.4,0,0,0,2,1,1,0,0.667,0.667,1.3,0.7,16.8,0,0,0,0,0,0,,
Keita Bates-Diop,San,F,25.79,8,14.7,30.5,12.2,14.8,4,1,20,0.55,7,0.143,0.463,0.504,3.6,3.3,11.8,0.1,1.1,0.5,0.38,0.63,2.9,92.9,101.1
Nicolas Batum,Lac,G-F,32.89,7,27.7,57.8,13.2,5,4,0.25,16,0.688,39,0.41,0.636,0.625,10.1,6.4,11.8,1.6,8.4,1,0.71,0.43,6.8,123.7,102.2
Kent Bazemore,Lal,G-F,32.35,9,27.3,56.9,10.7,7.9,10,0.7,23,0.391,31,0.387,0.5,0.522,6.8,2.2,4.3,1.3,6,1.33,0.22,0.56,3.9,105,102.4
Darius Bazley,Okc,F-G,21.4,8,26.7,55.6,22.2,15.5,22,0.591,43,0.535,40,0.25,0.458,0.48,11.1,6.3,11.9,1.4,8.6,1,0.88,2.13,6.9,87.3,108.7
Bradley Beal,Was,G,28.36,8,35.6,74.2,33.8,13.6,35,1,119,0.479,56,0.232,0.437,0.494,23.5,5.4,8,5.1,24.8,1.5,0.5,3.75,9.7,96.2,106
Malik Beasley,Min,G,24.94,8,25.9,54,18.6,5.3,4,0.5,23,0.348,64,0.359,0.489,0.49,10.9,2.4,4.6,1.9,11.5,1,0.25,0.63,5.7,104.2,110.5
DeAndre' Bembry,Bro,G-F,27.34,8,13,27.1,15.4,19.4,7,0.857,20,0.55,6,0.5,0.596,0.636,4.6,2.3,9,0.6,7.1,1,0.38,0.88,5.7,108.1,90.7
Davis Bertans,Was,F,28.98,7,16.9,35.2,16.3,6.8,7,1,8,0.375,30,0.333,0.474,0.523,6.1,1.7,5.4,0.6,4.7,0.14,0,0.43,4.4,104.1,104
Patrick Beverley,Min,G,33.32,6,24.2,50.3,13,19.7,4,0.75,14,0.571,21,0.429,0.614,0.626,7.7,4.7,9.8,5.2,32.2,0.67,0.83,1.5,9.5,127.1,94.9
Saddiq Bey,Det,F,22.58,9,32.8,68.3,20.1,8.6,14,0.643,69,0.464,52,0.288,0.45,0.464,13.1,6.8,11.2,3,16.3,1.11,0.33,1.33,7.9,100.5,109.4
Khem Birch,Tor,C,29.1,10,23.8,49.5,11.9,13.4,21,0.81,44,0.523,5,0,0.469,0.541,6.3,5.9,13.3,1.5,8.6,0.8,0.3,0.9,6.4,124,103.3
Goga Bitadze,Ind,C-F,22.3,7,7.6,15.7,21,11.6,4,1,10,0.4,11,0.273,0.405,0.461,3,2.6,18.7,0.3,5.2,0.71,0.29,0.43,7,105.1,86
Nemanja Bjelica,Gol,F,33.49,8,15.5,32.3,18.7,16.6,7,0.714,28,0.536,14,0.5,0.607,0.621,7,5.4,17.8,2,19,0.88,0.25,1.13,10.9,117.6,91.5
Eric Bledsoe,Lac,G,31.91,8,26.7,55.6,20.9,18.2,19,0.789,50,0.44,27,0.111,0.344,0.398,8.5,3.4,6.4,4.3,22.9,1.88,0.75,2.38,7.5,85.5,99.8
Bojan Bogdanovic,Uta,F,32.55,8,30.1,62.7,22.9,9.2,34,0.941,59,0.559,45,0.311,0.519,0.588,17.5,4.6,7.9,1.3,6.6,0.75,0,1.5,6.3,116.9,101.6
Bogdan Bogdanovic,Atl,G,29.22,9,29.5,61.6,15.4,9.4,8,1,43,0.488,40,0.425,0.56,0.584,11.2,4,7,2.4,11.7,0.89,0.11,1,6.4,116.2,103.3
Bol Bol,Den,C-F,21.97,2,5.1,10.6,25.9,0,0,0,5,0.6,1,0,0.5,0.5,3,1.5,16.1,0.5,17.7,0.5,0,0,10.3,104.7,77.4
Leandro Bolmaro,Min,F,21.15,3,3,6.3,26.6,34,2,1,1,0,2,0,0,0.258,0.7,0.7,11.1,0,0,0,0,0.67,0,,
Isaac Bonga,Tor,G,22,3,2.2,4.7,6.3,0,0,0,1,1,0,0,1,1,0.7,0.7,16,0.7,43.6,0.33,0,0,12.7,,
Devin Booker,Pho,G,25.02,7,33.1,68.9,32.1,11,34,0.882,95,0.453,44,0.318,0.46,0.513,22.6,5.7,9.1,5.3,26.1,0.86,0.29,2.71,10.6,104.5,98.9
Brandon Boston Jr.,Lac,G,19.94,2,6.1,12.6,17.3,0,2,0.5,4,0.25,0,0,0.25,0.307,1.5,0.5,4.2,0.5,11.3,0.5,0,0,4.7,77,99.1
Chris Boucher,Tor,F-C,28.82,10,13.8,28.7,20.7,7.4,11,0.636,27,0.481,31,0.194,0.379,0.406,5.1,3.8,14.8,0.2,2.1,0.7,0.8,0.5,4.6,92,95.7
James Bouknight,Cha,G,21.13,4,1.8,3.8,22.8,0,0,0,3,0,1,0,0,0,0,0.3,7.2,0,0,0,0,0,0,,
Avery Bradley,Lal,G,30.95,8,20.2,42.1,10.3,10,0,0,17,0.529,19,0.368,0.542,0.542,4.9,1.8,4.6,0.5,3.1,0.63,0.13,0.5,3.2,105.1,107.4
Tony Bradley,Chi,C-F,23.83,5,9.4,19.5,10.4,18.2,0,0,9,0.556,0,0,0.556,0.556,2,3,17.3,0,0,0,1.2,0.4,0,115.2,88.4
Ignas Brazdeikis,Orl,F,22.83,6,8.2,17.1,14,12.5,0,0,5,0.4,9,0.111,0.25,0.25,1.2,1.3,8.7,0.5,8.9,0.17,0,0.33,4.5,63.8,103
Miles Bridges,Cha,F,23.63,10,35.9,74.7,24.7,7.5,43,0.791,103,0.544,75,0.36,0.542,0.576,22.7,7.7,11.3,3.1,13.4,1.7,0.9,1.6,9.1,115.5,107.9
Mikal Bridges,Pho,F,25.18,7,32.9,68.5,17.7,8.5,8,0.625,54,0.648,29,0.448,0.657,0.659,16.3,3.7,6,1.3,6,0.57,0.71,1.14,5.2,119.7,100.8
Oshae Brissett,Ind,F-G,23.38,7,14.1,29.3,16.8,18.3,3,0.333,16,0.563,14,0.286,0.5,0.495,4.4,2.6,10,0.4,4.2,0.29,0.14,1,4.7,85.8,104.5
Malcolm Brogdon,Ind,G,28.9,6,36.9,76.8,27.4,14.2,31,0.968,75,0.533,32,0.25,0.486,0.555,22.3,7.2,10.7,7,29.7,0.5,0.83,3.33,11.3,111.3,108.5
Armoni Brooks,Hou,G,23.42,6,7.5,15.6,17.8,0,3,1,4,0.5,14,0.357,0.528,0.569,3.7,0.7,4.7,0.3,7,0,0,0,4.9,126.3,105.3
Greg Brown III,Por,F,20.18,5,4.9,10.3,28.4,12.3,3,0,10,0.6,3,0,0.462,0.419,2.4,2.2,24,0.8,26.4,0.2,0.4,0.4,13.2,96.3,96.2
Troy Brown Jr.,Chi,G-F,22.28,6,11.3,23.6,15.6,4.2,2,0.5,11,0.455,11,0.364,0.5,0.503,3.8,1.5,7.2,0.3,4.2,0.17,0,0.17,4.2,104.3,95.5
Bruce Brown,Bro,G-F,25.23,8,25,52.1,13.8,9.7,4,0.75,40,0.575,14,0.357,0.565,0.574,8,3.6,7.5,0.5,3,1.13,0.63,0.75,3.9,107.5,99.4
Jaylen Brown,Bos,G-F,25.03,8,36.5,76,28.9,11.9,41,0.78,94,0.553,58,0.397,0.569,0.603,25.6,6.1,8.8,2.5,13.2,1.25,0.5,2.88,8,108.2,101.2
Moses Brown,Dal,C,22.07,4,3.7,7.8,13.4,0,6,0.333,2,1,0,0,1,0.647,1.5,1.3,16.8,0,0,0,0.5,0,0,,
Sterling Brown,Dal,G-F,26.74,6,12.1,25.2,17.1,20.8,2,1,5,0.2,17,0.176,0.25,0.284,2.2,3.2,13.1,0.8,9.7,0.17,0.17,1,5.9,65.5,90.7
Jalen Brunson,Dal,G,25.18,8,27.6,57.4,22.5,9.5,26,0.731,67,0.507,26,0.423,0.543,0.574,15,5.3,9.6,4.3,27.6,0.63,0.13,1.38,10.1,119,99.1
Reggie Bullock,Dal,G-F,30.64,8,19.5,40.6,14.1,3.9,5,0.6,10,0.5,37,0.324,0.489,0.498,6.1,2.3,5.8,0.6,4.9,0,0,0.25,4.2,104.2,101.9
Trey Burke,Dal,G,28.98,3,9.6,20.1,24.9,17.9,4,1,7,0.429,5,0.4,0.5,0.581,5.3,0.7,3.5,1.3,23.5,0.33,0,1,7,107.1,107.6
Alec Burks,Nyk,G,30.3,9,17.4,36.2,17,8.2,12,0.833,19,0.421,32,0.406,0.539,0.577,7.2,2.8,8.5,1.9,15.7,0.89,0.22,0.56,7.7,118.7,99.1
Jared Butler,Uta,G,21.2,8,5.6,11.6,23.4,24.2,4,0.5,6,0.333,11,0.182,0.294,0.32,1.5,0.8,7,0.8,18.4,0,0.63,0.75,7,64,86.5
Jimmy Butler,Mia,F,32.15,8,34.7,72.2,27.6,9.5,71,0.845,118,0.534,13,0.231,0.515,0.601,24.4,6.5,9.8,5.1,24.7,2.63,0.38,2.13,10.7,126.3,93.9
Kentavious Caldwell-Pope,Was,G,28.72,9,31,64.6,13.5,9.3,5,0.8,31,0.484,45,0.4,0.553,0.563,9.8,4.3,7.4,1.8,8.1,1,0.33,0.89,5.5,110,104.7
Facundo Campazzo,Den,G,30.62,8,17.5,36.4,11.2,22.5,8,0.75,10,0.6,14,0.214,0.438,0.491,3.4,2.4,7.5,1.9,13.7,0.88,0.38,1,5.7,95.8,96.9
Clint Capela,Atl,C,27.47,9,28.4,59.2,14.4,4.7,22,0.682,72,0.556,0,0,0.556,0.582,10.6,11.2,20.5,0.8,4,0.67,1.33,0.44,6.4,130.6,97.4
Vernon Carey Jr.,Cha,F-C,20.7,1,0.8,1.7,51.9,0,0,0,1,0,0,0,0,0,0,1,66,0,0,0,0,0,0,,
Wendell Carter Jr.,Orl,C-F,22.56,10,29,60.5,19.3,13.1,20,0.7,68,0.559,36,0.361,0.553,0.572,12.9,10.2,18.8,2.2,13.3,0.6,0.8,1.7,9.1,113,99.2
Jevon Carter,Bro,G,26.15,9,15.5,32.2,10.2,12.5,0,0,10,0.1,18,0.222,0.25,0.25,1.6,2,6.7,1.2,10.2,0.56,0.44,0.44,4,67.8,99.2
Alex Caruso,Chi,G,27.69,8,27.9,58.2,13.7,21.9,15,0.867,30,0.5,17,0.412,0.543,0.597,8,2.3,4.4,4.1,20.1,2.5,0.5,1.88,6.1,110.8,92.6
Willie Cauley-Stein,Dal,C,28.22,8,11.4,23.7,9,10.5,0,0,16,0.438,1,0,0.412,0.412,1.8,2.9,12.7,0.6,8,0.25,0,0.25,5.1,106,100.1
Justin Champagnie,Tor,G-F,20.36,4,3.8,7.9,8,0,2,1,2,0,0,0,0,0.347,0.5,1.5,21.3,0.3,7.9,0,0,0,6.4,,
Chris Chiozza,Gol,G,25.96,2,10.6,22,16.3,12.5,0,0,1,0,6,0.333,0.429,0.429,3,1.5,7.3,1,12.5,1,0,0.5,6.2,93.2,89.2
Josh Christopher,Hou,G,19.91,5,5.6,11.7,27.7,21.2,2,1,10,0.4,4,0.25,0.393,0.437,2.6,0.8,7.5,0.6,17.3,0.6,0,0.8,7.7,80.3,105.3
Brandon Clarke,Mem,F,25.13,6,12.8,26.6,17.1,6.4,7,0.429,23,0.522,3,0,0.462,0.464,4.5,2.8,12,0.8,9.5,0.33,0.33,0.33,6.8,105,97.9
Jordan Clarkson,Uta,G,29.41,8,25.8,53.8,31.2,9.1,23,0.87,54,0.556,75,0.227,0.43,0.471,16.4,3.3,6.5,1.6,10.6,0.88,0.13,1.75,6.9,95.7,100.2
Nic Claxton,Bro,F-C,22.56,4,18.9,39.4,15.9,11.1,9,0.444,20,0.55,0,0,0.55,0.543,6.5,5.5,15.1,0.8,6,0,1,0.75,6.5,104.7,99.4
Amir Coffey,Lac,G-F,24.39,6,8,16.6,16.2,5.5,7,1,4,0.25,10,0.2,0.286,0.439,2.5,1.2,7.5,0.3,5.6,0,0,0.17,4.8,98.4,102.3
John Collins,Atl,F-C,24.12,9,30.3,63.2,18.4,11.1,17,0.765,73,0.644,24,0.375,0.624,0.641,14.9,9.1,15.6,2.8,14.2,1,1,1.44,9.6,126.3,97.5
Mike Conley,Uta,G,34.07,7,28.7,59.8,21.6,14.5,12,0.917,35,0.486,48,0.458,0.602,0.629,15.9,1.9,3.3,4.4,24.5,1.43,0.29,2.14,7.1,119.3,100.3
Pat Connaughton,Mil,G,28.83,9,29.7,61.8,13.7,8.2,4,0.75,25,0.72,52,0.346,0.584,0.59,10.3,4.8,8.3,1.7,8.2,0.78,0.33,0.78,5.9,118.5,108.4
Sharife Cooper,Atl,G,20.41,2,3.4,7,25.6,25,0,0,1,0,2,0,0,0,0,0,0,1,35.1,0,0,0.5,0,,
Petr Cornelie,Den,F,26.28,1,2.7,5.6,0,,0,0,0,0,0,0,,,0,0,0,0,0,0,0,0,0,,
Robert Covington,Por,F,30.9,9,28.1,58.6,9.3,14.5,0,0,5,0.6,42,0.405,0.606,0.606,6.3,5.2,9.9,0.4,2,1.11,0.78,0.89,3.4,105.6,104.6
Torrey Craig,Ind,F,30.88,10,17.6,36.6,15.3,11.2,10,0.8,23,0.652,28,0.357,0.588,0.614,6.8,3.7,11.5,1.2,9.6,0.5,0.3,0.7,7.1,125.8,102.5
Jae Crowder,Pho,F,31.34,7,29.6,61.6,12.5,10,7,0.857,16,0.563,35,0.286,0.471,0.499,7.7,5.4,9.7,1.9,8.2,1.14,0.43,0.86,5.8,102.1,98.3
Jarrett Culver,Mem,G-F,22.71,2,7.8,16.3,18.2,0,4,0.75,3,0.667,2,0,0.4,0.518,3.5,1.5,10.3,1,18,0,0,0,8.9,129.8,114.6
Cade Cunningham,Det,G,20.12,4,27.6,57.4,29.1,17.3,14,0.929,28,0.321,28,0.143,0.268,0.346,10.8,5.8,11.3,2.8,16.6,0.5,0.25,3.25,8.1,72,105.8
Seth Curry,Phi,G,31.21,9,32.6,67.8,18.4,11,14,0.857,50,0.7,49,0.531,0.747,0.761,17.8,3,5.2,1.9,8.9,0.44,0.22,1.44,5.7,134.3,112.7
Stephen Curry,Gol,G,33.65,8,34.3,71.4,32,14.7,38,0.974,56,0.464,102,0.382,0.535,0.59,25.8,7,10.5,6.8,31.8,1.25,0.63,3.75,12.5,110.6,96.2
Anthony Davis,Lal,F-C,28.66,9,35.9,74.9,29.2,9.2,57,0.737,160,0.556,21,0.143,0.517,0.556,25.4,11.9,17.5,2.9,13.1,0.89,2.33,2.33,10.7,112.6,105.5
Ed Davis,Cle,C-F,32.42,2,1.6,3.2,0,,0,0,0,0,0,0,,,0,0.5,17.1,0,0,0,0,0,0,,
Terence Davis,Sac,G,24.48,7,12.2,25.4,21,9.5,0,0,15,0.4,23,0.174,0.316,0.316,3.4,1.4,6.1,0.9,9.4,0.57,0,0.57,5.3,68.8,94.3
Gabriel Deck,Okc,F,26.74,3,6.3,13.1,20.3,11.3,2,1,5,0.6,2,0.5,0.643,0.698,3.7,0.7,5.4,0.3,9.8,0.33,0,0.33,5.8,128.8,114.4
Dewayne Dedmon,Mia,C,32.24,8,14.6,30.4,16.3,18,8,1,31,0.581,2,1,0.636,0.685,6.3,6.3,22.3,0.5,5.2,0.5,0.38,1,7.4,125.7,83.5
Sam Dekker,Tor,F,27.5,1,0.9,1.9,0,,0,0,0,0,0,0,,,0,0,0,0,0,0,0,0,0,,
DeMar DeRozan,Chi,G-F,32.25,8,34.9,72.7,31,6.7,58,0.879,138,0.522,18,0.389,0.529,0.595,27,6.1,9.5,3.6,18.9,0.88,0.5,1.63,9.6,119.8,98.2
Hamidou Diallo,Det,G,23.27,6,12.8,26.7,17.1,16.3,4,1,16,0.5,8,0.25,0.458,0.505,4.3,1.8,7.8,0.7,8.8,0.5,0.17,0.83,5.5,94.4,104.8
Gorgui Dieng,Atl,C,31.8,9,11.9,24.8,14.5,19.2,10,0.6,14,0.429,11,0.273,0.42,0.459,3,5.8,25.1,1,11,0.22,0.44,0.78,8.7,104.1,88.7
Spencer Dinwiddie,Was,G,28.59,8,29.7,61.8,25.1,10.3,26,0.962,69,0.464,42,0.381,0.505,0.559,17.1,4.8,8.5,5.9,31.8,0.38,0.25,1.75,10.6,116.4,105.3
Luka Doncic,Dal,F-G,22.69,8,34.5,71.9,34.9,14.7,42,0.69,110,0.518,63,0.254,0.468,0.499,23.9,8.3,12,7.1,41.4,1,0.5,4.13,13,99,97.4
Luguentz Dort,Okc,G,22.55,7,32.3,67.4,20.1,14.2,26,0.885,37,0.459,42,0.238,0.405,0.481,12.4,3.6,5.6,2.3,11.2,1,0.29,2.14,5.8,93.5,107
Ayo Dosunmu,Chi,G,21.8,7,12.8,26.7,16.8,11.8,2,0.5,20,0.35,9,0.556,0.5,0.502,4.3,1.9,7.8,1,11.2,0.14,0.29,0.57,6.3,98.9,100
Jeff Dowtin,Gol,G,24.49,1,1.9,4,0,,0,0,0,0,0,0,0,0,0,1,27.1,0,0,0,0,0,0,,
P.J. Dozier,Den,G-F,25.03,8,17.8,37.1,12.8,9.7,3,0.333,17,0.471,19,0.316,0.472,0.469,4.4,2.4,7.3,1.4,10.3,0.75,0.38,0.5,5.5,98.5,99.4
Goran Dragic,Tor,G,35.5,4,15.4,32.1,18.1,3.8,8,1,13,0.385,9,0.222,0.364,0.47,6,2.5,8.7,1.5,13.5,0.5,0.25,0.25,7.3,113.1,98.7
Andre Drummond,Phi,C,28.24,8,18.1,37.7,20.3,26.4,17,0.706,39,0.487,1,0,0.475,0.527,6.3,9.4,29.2,2.6,20,1.75,0.75,2.13,11.8,108.6,87.3
Chris Duarte,Ind,G,24.4,10,34,70.7,20.8,11,13,0.923,81,0.457,59,0.424,0.532,0.552,16.1,4.4,7.1,2.4,10.5,1,0.1,1.8,6.5,104.8,108
Kevin Durant,Bro,F,33.1,9,34.7,72.3,32.2,12.4,54,0.778,133,0.632,41,0.366,0.612,0.645,28.3,8.8,13.1,5.2,30.7,0.78,0.89,3.11,12.6,118.4,101.5
Anthony Edwards,Min,G,20.26,8,35.3,73.5,30.3,11.1,24,0.792,97,0.495,77,0.299,0.474,0.498,23,6.5,9.3,3.4,18.1,1.38,0.63,2.88,9,98.8,104
CJ Elleby,Por,F-G,21.39,5,5.2,10.9,18,27.3,0,0,5,0.4,3,0.333,0.438,0.438,1.4,1.4,14.3,0.2,5.1,0,0,0.6,5.6,66.6,100.4
Joel Embiid,Phi,C-F,27.64,8,30.5,63.5,31.9,12.3,70,0.8,91,0.44,28,0.321,0.45,0.544,20.4,8.8,16.1,4.1,20.6,1,1.38,2.63,11.8,112.1,102.3
Drew Eubanks,San,F-C,24.76,9,13.2,27.5,17.5,20.3,14,0.714,31,0.484,2,0,0.455,0.511,4.4,3.9,15.7,1.2,12,0.56,1.11,1.11,8.3,97.2,92.9
Tacko Fall,Cle,C,25.91,1,1.9,4,45.4,50,0,0,1,0,0,0,0,0,0,2,55.8,0,0,0,0,1,0,0,0
Derrick Favors,Okc,F,30.31,7,18.4,38.3,14,7.2,6,0.833,35,0.571,1,1,0.597,0.621,6.9,6,16.6,0.3,2.6,0.29,0.14,0.43,5,127.8,101.6
Bruno Fernando,Bos,F-C,23.23,3,2,4.2,14.6,100,0,0,0,0,0,0,0,0,0,0,0,0.3,21.5,0,0.33,0.67,0,0,0
Dorian Finney-Smith,Dal,F,28.51,8,31.8,66.3,14.9,12.4,10,0.7,33,0.485,40,0.2,0.384,0.407,7.9,5.6,8.9,1.1,5.3,1.38,0.75,1.38,4.6,91.3,95.5
Malik Fitts,Uta,F,20,3,2.3,4.9,0,0,0,0,0,0,0,0,0,0,0,0.7,14.7,0,0,0,0,0,0,0,0
Malachi Flynn,Tor,G,23.49,6,4.8,10,10.2,0,0,0,4,0.25,3,0.667,0.571,0.571,1.3,0.5,5.6,0.8,23.9,0.67,0,0,6.7,145,92.4
Bryn Forbes,San,G,28.29,9,12.4,25.9,19.2,13.8,4,0.5,17,0.412,25,0.4,0.524,0.526,5.1,0.8,3.3,0.3,3.6,0.11,0,0.78,3.5,90.5,104.3
Trent Forrest,Uta,G,23.4,4,8.9,18.5,5.9,40,0,0,3,0.667,0,0,0.667,0.667,1,1,5.8,0.8,11,0,0,0.5,4.2,97.6,96.8
Evan Fournier,Nyk,G-F,29.02,9,30.9,64.5,21.3,8.1,17,0.765,49,0.449,69,0.391,0.53,0.55,15.3,3,5.1,2.1,10.5,1,0.44,1.22,5.9,109.7,106.8
De'Aaron Fox,Sac,G,23.88,9,35.6,74.2,27.8,14.4,47,0.681,113,0.478,45,0.178,0.418,0.459,18.2,4.1,6,6.7,27.8,1.22,0.22,3.33,8.9,96.2,102.5
Daniel Gafford,Was,F-C,23.1,7,18.4,38.2,17.1,15.9,14,0.714,36,0.694,0,0,0.694,0.712,8.6,4.1,11.9,0.6,4.9,0.71,1.86,1.14,6,129.9,99.5
Danilo Gallinari,Atl,F,33.24,6,16.6,34.5,19.6,6.6,8,0.75,18,0.389,21,0.381,0.487,0.517,7.3,3.5,11,0.5,4.3,0.5,0.17,0.5,5.6,109.9,108.3
Darius Garland,Cle,G,21.78,8,32.8,68.4,21.8,24.8,20,0.85,46,0.565,45,0.4,0.582,0.616,15.4,2.3,3.6,7.9,37.5,1.13,0.13,4.13,8,107,108
Marcus Garrett,Mia,G,22.99,2,3.5,7.3,6.1,0,0,0,1,0,0,0,0,0,0,0,0,1,34.2,0,0,0,0,0,0
Usman Garuba,Hou,F,19.66,4,6.4,13.3,12.9,25,0,0,3,0.667,3,0,0.333,0.333,1,2,16.5,1,21.8,0.25,1,0.5,7.9,89.5,98.1
Luka Garza,Det,C,22.86,5,7.9,16.4,17.5,12.3,5,0.8,6,0.5,6,0.333,0.5,0.563,3.2,1.2,8.3,0.2,4.3,0.8,0.2,0.4,4.6,110.1,84.1
Paul George,Lac,F,31.52,8,35,72.8,34.3,15.6,43,0.884,99,0.535,71,0.38,0.55,0.595,28.1,8.1,11.9,4.9,26.5,3,0.5,4.38,11.9,105.3,94.1
Taj Gibson,Nyk,F,36.37,5,16.2,33.8,12,13.4,3,1,15,0.667,3,0,0.556,0.595,4.6,4,13.1,0.8,7,0.2,1,0.6,6.1,129.5,93.2
Josh Giddey,Okc,G,19.07,8,29.5,61.4,19.9,17.5,13,0.615,63,0.46,21,0.286,0.452,0.468,10.5,6,10.3,6.1,34.6,1.63,0.75,2.38,9.9,99.4,103.1
Shai Gilgeous-Alexander,Okc,G-F,23.32,8,34.9,72.6,27.5,9,43,0.814,89,0.506,54,0.389,0.535,0.581,23.5,4.9,7.1,3.9,21.7,0.75,0.38,2,8.8,113.8,108.2
Rudy Gobert,Uta,C,29.36,8,31.4,65.5,16.8,18,66,0.682,53,0.736,0,0,0.736,0.75,15.4,17.3,28.3,1.3,6,0.88,1.75,2.25,8.9,135.9,89
Aaron Gordon,Den,F,26.14,8,29.3,61,18.8,17,18,0.611,55,0.655,20,0.3,0.6,0.609,12.6,6.1,11.5,1.6,8.3,0.5,0.88,2.13,6.8,108.4,99.3
Eric Gordon,Hou,G,32.86,7,26.6,55.4,19.5,15.9,21,0.81,34,0.441,31,0.548,0.623,0.66,14,1.7,3.4,1.6,9.5,0.71,0.29,2,5.1,113.2,112.5
Devonte' Graham,Nor,G,26.7,10,32.5,67.6,23.1,11.7,32,0.781,53,0.415,91,0.352,0.486,0.522,16.5,3.1,5,5.2,25.7,1.5,0.1,2.1,7.9,107.4,111.9
Jerami Grant,Det,F,27.66,8,33,68.7,25.1,12.3,36,0.806,78,0.436,42,0.286,0.433,0.49,16.6,5,8.2,2.5,13.9,1.38,1.25,2.38,7.2,96.1,108.1
Danny Green,Phi,G,34.38,7,23.3,48.6,10.6,10.5,0,0,2,1,32,0.438,0.676,0.676,6.6,2.7,6.5,0.7,4,1.14,0.86,0.57,4,123.1,103.3
Draymond Green,Gol,F,31.68,8,31.6,65.8,13.7,26.1,24,0.417,42,0.595,7,0.429,0.602,0.579,8.6,8.8,14.3,6.9,29.2,1.38,0.88,2.63,10.2,114.7,90.2
Javonte Green,Chi,G-F,28.29,8,18.3,38.1,9.9,6.2,8,0.875,21,0.619,6,0.5,0.648,0.688,5.3,3.9,11.5,0.5,3.8,0.63,0.5,0.25,4.8,145.1,93.1
Jalen Green,Hou,G,19.74,8,32.7,68.1,22.9,15.2,25,0.76,53,0.396,59,0.322,0.442,0.48,14.8,3.6,5.8,3.3,15.5,0.75,0.5,2.75,6.9,92.3,108.9
JaMychal Green,Den,F-C,31.38,8,12.8,26.6,20.6,33.3,0,0,17,0.765,15,0.2,0.547,0.547,4.4,2.5,10.7,0.4,4.2,1.13,0.38,2,5.1,73.4,84
Jeff Green,Den,F,35.19,8,15.9,33.1,19.6,12.4,17,0.765,25,0.6,17,0.176,0.464,0.525,6.5,1.6,5.6,1,8.9,0,0.13,0.88,5.5,98.5,96.2
Josh Green,Dal,G,20.97,5,6.8,14.3,11.3,22.2,0,0,5,0.2,2,0,0.143,0.143,0.4,2,14.7,0.4,8,0,0.2,0.4,4,62.5,100.7
Blake Griffin,Bro,F,32.64,8,22.2,46.3,15.4,6.5,12,0.833,24,0.5,28,0.179,0.375,0.428,6.1,5.1,12,1.5,9.5,0.5,0.38,0.5,6.5,99.7,95.3
Quentin Grimes,Nyk,G,21.5,3,2,4.2,21.7,0,0,0,0,0,3,0.333,0.5,0.5,1,0,0,0,0,0,0,0,0,,
Tyrese Haliburton,Sac,G,21.69,9,32.5,67.6,17.1,9.4,18,0.833,69,0.536,29,0.345,0.531,0.562,13.2,3.6,5.7,5.4,23.7,1.33,1.22,1.22,7.8,120.2,107.7
R.J. Hampton,Orl,G,20.75,10,17.8,37,21.3,18.3,15,0.6,40,0.35,25,0.48,0.492,0.51,7.3,2.9,8.7,1.7,15.9,0.3,0.3,1.6,7.4,92.6,104.3
Tim Hardaway Jr.,Dal,G-F,29.64,8,31.2,64.9,19.6,5.3,22,0.818,32,0.469,66,0.364,0.52,0.557,15,3.4,5.4,2,10.6,1.25,0.13,0.75,6,115.4,99.6
James Harden,Bro,G,32.2,9,33.9,70.5,27,23.9,42,0.881,54,0.352,68,0.412,0.5,0.566,17.7,7.4,11.4,9,40.7,1.11,1,4.89,12.5,105.5,98.9
Maurice Harkless,Sac,F-G,28.49,8,24.2,50.4,9.9,11.1,5,0.8,13,0.615,25,0.32,0.526,0.547,5.5,3.8,8,0.6,3.3,0.38,0.75,0.63,3.8,102.3,103.2
Montrezl Harrell,Was,F-C,27.78,9,30.5,63.5,20.5,9.3,56,0.804,87,0.655,5,0.2,0.636,0.694,18,9.7,16.7,1.9,10.1,0.44,1.22,1.33,9.1,137.5,101.3
Gary Harris,Orl,G,27.15,5,21.1,43.9,17.4,23.6,3,0.667,20,0.5,11,0.182,0.419,0.433,5.6,1.8,4.6,1.8,13.5,0.2,0.2,2,5,80.2,110
Joe Harris,Bro,G-F,30.17,9,31.1,64.8,17.1,13.9,6,0.833,28,0.393,62,0.403,0.539,0.551,11.3,4.3,7.2,1,4.7,0.56,0.22,1.67,4.7,95.5,101.6
Tobias Harris,Phi,F,29.31,6,33.1,68.9,24.6,8.4,10,0.9,69,0.623,25,0.32,0.585,0.605,19.8,9,15.3,4.2,21,0.17,0.33,1.5,11,122.6,108.4
Isaiah Hartenstein,Lac,C-F,23.51,7,16,33.3,15.3,15,9,0.444,29,0.621,1,0,0.6,0.589,5.7,5.6,17.8,1.1,11,1,1,0.86,8.2,116.2,82.9
Josh Hart,Nor,G,26.67,6,25.9,53.9,14.4,9.4,12,0.667,27,0.667,16,0.375,0.628,0.642,10.3,6,12.2,2.2,13.2,0.33,0.33,0.83,7.9,127.6,105.3
Udonis Haslem,Mia,F,41.41,2,2.3,4.7,28.5,0,0,0,2,0.5,1,0,0.333,0.333,1,1,23.1,0,0,0,0,0,0,,
Jaxson Hayes,Nor,C-F,21.46,9,12.2,25.3,19.8,13.5,18,0.778,31,0.516,6,0.167,0.473,0.545,5.4,3.6,15.4,0.2,2.9,0.44,0.89,0.78,5.2,108.7,102.8
Killian Hayes,Det,G,20.28,8,24.6,51.2,16.2,18.8,6,1,37,0.27,21,0.381,0.379,0.412,6.3,2.8,6.1,2.9,18.6,1.38,0.25,1.75,6,84.9,104.4
Gordon Hayward,Cha,F,31.62,10,34.5,72,20.2,14.3,28,0.821,83,0.518,49,0.49,0.598,0.627,18.1,4.7,7.2,3.6,15.2,0.7,0.4,2.4,7.8,113.8,113.2
Aaron Henry,Phi,F,22.19,1,2.1,4.4,21.7,0,0,0,0,0,1,0,0,0,0,0,0,0,0,0,0,0,0,0,0
Juancho Hernangomez,Bos,F,26.11,5,2.8,5.8,31.1,30.4,2,0.5,3,0.333,3,0.333,0.417,0.436,1.2,1,18.8,0,0,0.4,0,0.6,0,0,0
Willy Hernangomez,Nor,C-F,27.45,2,7,14.6,17.2,17.4,4,1,3,0.667,0,0,0.667,0.84,4,2,15,1,22.1,0,0,0.5,11.4,150.7,90.6
Tyler Herro,Mia,G,21.79,8,31.2,65.1,28.2,10.9,20,0.85,85,0.506,53,0.377,0.529,0.555,20.4,6.3,10.4,4,22,0.25,0,2.25,10.3,110.7,101
Buddy Hield,Sac,G,28.89,9,28.1,58.5,24.8,11.6,16,0.875,27,0.481,96,0.417,0.593,0.615,17.8,5.4,10,1.8,9.6,0.78,0.22,1.89,7.9,112.2,100.5
George Hill,Mil,G,35.51,9,26.2,54.6,12.3,13.2,10,0.9,35,0.486,20,0.45,0.555,0.589,7.8,3.8,7.4,3.2,17.3,1.11,0.22,1,7,123.4,104.9
Solomon Hill,Atl,F,30.64,3,14.1,29.4,9.1,11.1,0,0,1,0,7,0.286,0.375,0.375,2,2.3,8.6,1.3,11.8,0.67,0,0.33,5.1,94.2,91.8
Aaron Holiday,Was,G,25.1,9,16.7,34.9,16,18.2,9,0.889,26,0.423,15,0.467,0.524,0.567,5.7,1.9,6,1.6,13.2,0.22,0.44,1.11,6.2,102.1,104
Jrue Holiday,Mil,G,31.4,3,21.2,44.1,24.5,27.3,6,0.667,13,0.615,11,0.545,0.708,0.713,12.7,3,7.3,3,23.7,0.33,0,3.33,9.2,109,107.1
Justin Holiday,Ind,F-G,32.59,10,29.2,60.9,14.8,13,2,1,18,0.5,68,0.338,0.506,0.512,8.9,2.9,5.4,1.8,8.3,0.8,0.3,1.3,4.9,96.9,108.3
Richaun Holmes,Sac,F,28.06,9,27.6,57.5,19,11.8,24,0.875,84,0.69,3,0.667,0.701,0.733,15.9,11,20.6,1.8,10.3,0.44,1.11,1.44,9.9,140.3,92.1
Rodney Hood,Mil,G-F,29.04,6,14.3,29.8,12.9,3.8,7,1,5,0,17,0.353,0.409,0.498,4.2,2.2,7.8,0.8,7.8,0.17,0,0.17,5.4,113.9,105.2
Al Horford,Bos,C-F,35.43,7,30,62.5,19.7,9.5,18,0.889,45,0.533,33,0.303,0.5,0.547,13.4,10.1,17.6,3.3,17.8,1,2.86,1.29,10.2,115,97.7
Danuel House Jr.,Hou,F-G,28.42,3,11.3,23.5,12.1,10.1,2,1,3,0.333,5,0.4,0.5,0.563,3.3,3,14,1,12.6,0.67,0,0.33,7.6,119.9,108.4
Dwight Howard,Lal,C-F,35.91,7,14.2,29.5,8.7,19.2,11,0.818,11,0.727,1,1,0.792,0.831,4,4,15,0.4,3.7,1.14,0.57,0.57,5.2,137.9,94.7
Markus Howard,Den,G,22.68,2,4.7,9.7,9.5,50,0,0,0,0,1,0,0,0,0,0,0,0,0,0.5,0,0.5,0,0,106.8
Kevin Huerter,Atl,G-F,23.2,8,20.2,42.2,18.2,11.6,2,1,35,0.486,25,0.2,0.408,0.419,6.4,2.8,7,2,13.8,0.38,0.25,1,6.5,87.9,105.1
Elijah Hughes,Uta,G,23.66,3,3.4,7,12,0,2,1,1,0,1,0,0,0.347,0.7,0.3,5.1,0,0,0,0,0,0,,
De'Andre Hunter,Atl,F-G,23.93,8,29.2,60.7,19,12.6,8,0.375,58,0.534,29,0.448,0.58,0.574,13,2.6,4.7,0.6,3.2,0.63,0.38,1.63,3.7,99.8,102.8
Chandler Hutchison,Pho,F-G,25.53,1,6.4,13.3,20.1,66.7,0,0,1,1,0,0,1,1,2,2,16.5,0,0,0,0,2,0,44.7,87.3
Bones Hyland,Den,G,21.14,5,14.7,30.7,22.1,8.1,0,0,12,0.583,22,0.364,0.559,0.559,7.6,1.4,5.2,2.2,23.2,1.2,0.2,0.6,7.8,112.5,97.1
Andre Iguodala,Gol,G-F,37.77,7,20.5,42.6,9.5,12.6,4,0.5,11,0.545,15,0.267,0.462,0.468,3.7,4.7,11.8,3.9,24,0.86,0.57,0.57,8,121.5,96.6
Joe Ingles,Uta,F-G,34.1,8,24.2,50.5,12.3,10.6,4,1,8,0.625,41,0.512,0.745,0.758,9.6,3.3,6.9,2.4,14.2,0.13,0.25,0.75,7,144.5,99.7
Brandon Ingram,Nor,F,24.18,6,37,77.2,30.3,13,16,0.688,100,0.47,33,0.455,0.523,0.536,25,7.3,10.4,4.8,25.6,0.33,0.5,3.5,10.3,101,108.2
Jaren Jackson Jr.,Mem,F-C,22.14,9,26.3,54.8,24.8,12.2,26,0.962,48,0.354,63,0.333,0.437,0.498,13.6,5.8,11.8,1.3,7.4,0.67,1.78,1.89,7.1,98.5,97.4
Frank Jackson,Det,G,23.51,9,18.7,38.9,19.7,10.3,8,0.625,27,0.556,39,0.231,0.432,0.446,6.9,1.6,4.5,0.4,4.1,0.56,0,0.89,3.5,84.3,109.1
Isaiah Jackson,Ind,F,19.82,2,5.8,12,10.8,0,2,0.5,2,0.5,0,0,0.5,0.521,1.5,2,19.1,0,0,0.5,0,0,0,124.2,78.3
Josh Jackson,Det,G-F,24.74,9,22.5,46.8,19.1,14.4,17,0.588,38,0.526,32,0.281,0.479,0.497,8.6,3.8,9.1,1.9,14.6,0.67,0.44,1.44,7,95.4,103.6
Reggie Jackson,Lac,G,31.56,8,35.3,73.5,22.9,8,11,0.818,62,0.403,72,0.347,0.466,0.483,16.8,3.9,5.6,4.1,18.4,0.63,0,1.5,7.3,100.5,106.2
LeBron James,Lal,F,36.85,6,37.1,77.2,29.4,15.9,23,0.783,73,0.548,49,0.347,0.537,0.564,24.8,5.5,7.9,7,29.4,2.33,0.83,4.17,10.6,104.8,105.6
DeJon Jarreau,Ind,G,23.79,1,0.9,1.9,0,,0,0,0,0,0,0,,,0,0,0,0,0,0,0,0,0,0,0
Ty Jerome,Okc,G-F,24.33,5,15.1,31.4,19.6,8.8,5,0.6,7,0.286,22,0.273,0.379,0.401,5,1.4,4.7,1.8,18.6,1.2,0,0.6,6.2,87.3,101.5
Isaiah Joe,Phi,G,22.35,7,7.7,16.1,15.1,11.1,0,0,4,0.25,12,0.333,0.438,0.438,2,0.4,3.1,0.3,4.8,0,0,0.29,3.2,84.3,112.4
Alize Johnson,Chi,F,25.54,5,9.7,20.3,13.1,20.9,3,0.667,10,0.7,0,0,0.7,0.707,3.2,2.8,15.6,0.6,8.9,0.2,0,0.6,7.2,125.4,87.8
Cameron Johnson,Pho,F,25.68,7,21.3,44.5,16.7,1.7,5,0.8,24,0.333,31,0.355,0.445,0.463,7.6,2.6,6.3,0.7,4.6,0.57,0.29,0.14,4.5,101.1,101.3
David Johnson,Tor,G,20.69,1,0.5,1,0,,0,0,0,0,0,0,0,0,0,0,0,0,0,0,0,0,0,0,0
James Johnson,Bro,F,34.71,5,11.2,23.4,10.1,23.5,4,0.5,5,0.4,3,0,0.25,0.307,1.2,1.2,5.5,0.6,6.9,0.4,0.4,0.6,3.4,65.8,99.7
Jalen Johnson,Atl,F,19.89,4,3.7,7.7,25.7,0,2,1,5,0.6,3,0.667,0.75,0.788,3.5,0.8,10.5,0,0,0,0,0,0,0,0
Keldon Johnson,San,F-G,22.07,9,29.3,61,25.4,8.8,35,0.657,108,0.5,21,0.143,0.453,0.485,15.6,5.8,10.5,2,10,1.11,0.11,1.56,7.7,97.2,98.6
Nikola Jokic,Den,C,26.71,8,31,64.7,31.2,16.5,34,0.824,95,0.674,37,0.405,0.655,0.684,25.1,13.4,23.6,5.6,34.1,1.5,1,3.63,15.9,123.3,91.4
Derrick Jones Jr.,Chi,F,24.72,4,14.8,30.8,8.9,0,4,1,6,0.833,4,0.25,0.65,0.723,4.3,2,7.3,0,0,1,1.75,0,0,154.8,99.4
Herbert Jones,Nor,F,23.09,8,24.4,50.9,11.8,21.7,5,0.6,36,0.583,5,0.2,0.549,0.556,6,2.3,4.8,1.6,9.8,1.13,0.5,1.5,4.6,99.4,104.3
Kai Jones,Cha,C-F,20.8,3,1.3,2.7,31.9,100,0,0,0,0,0,0,0,0,0,0,0,0,0,0,0,1,0,0,0
Tre Jones,San,G,21.83,8,6.5,13.5,16.6,4.9,3,1,17,0.588,1,0,0.556,0.595,2.9,0.6,5.1,0.9,19.1,0.13,0,0.13,7.1,125.1,105.1
Tyus Jones,Mem,G,25.49,9,16.7,34.8,13.9,2,1,1,26,0.577,22,0.5,0.656,0.661,7.1,2.4,7.9,3.4,30.8,0.89,0,0.11,9.3,151,107.2
DeAndre Jordan,Lal,C,33.29,9,14.2,29.6,11.7,16.8,4,0.5,28,0.786,0,0,0.786,0.773,5.1,5.4,20.3,0.6,5.4,0.33,1.11,0.67,7.2,141.1,95.9
Cory Joseph,Det,G,30.21,9,21,43.8,14.8,10.7,17,0.824,32,0.469,19,0.316,0.471,0.53,6.9,1.3,3.4,3.3,26.1,0.67,0.22,0.78,5.9,114.6,108.7
Georgios Kalaitzakis,Mil,F,22.84,5,5.7,11.8,22,20.5,6,0.167,6,0.333,3,0.333,0.389,0.344,1.6,1,9.1,0,0,0.2,0.2,0.6,0,67,100
Frank Kaminsky,Pho,F-C,28.59,3,14.6,30.4,18.3,10.7,6,1,10,0.6,4,0.25,0.536,0.631,7,2.7,9.6,1,9.8,1.67,0.33,0.67,7.3,127.2,96.5
Enes Kanter,Bos,C,29.46,2,4.9,10.2,22.3,0,0,0,5,0.4,0,0,0.4,0.4,2,2,21.3,0,0,0,0,0,0,102.2,100
Luke Kennard,Lac,G,25.37,8,26.9,56,15,4,5,1,22,0.409,48,0.458,0.6,0.616,11.1,3.4,6.4,2,11.1,0.5,0.13,0.38,6.3,123.7,105.3
Corey Kispert,Was,F,22.68,8,10.5,21.8,9.8,10.7,4,0.75,5,0.8,10,0.2,0.467,0.507,2.1,1.9,9.5,0.9,11.1,0.38,0.38,0.25,5.8,113.5,104.4
Maxi Kleber,Dal,F,29.77,6,18.8,39.2,12.8,11.8,4,1,5,0.6,23,0.478,0.696,0.722,7.2,5.3,14.2,0.5,4.2,0.5,1.17,0.67,5.7,133,92.5
Nathan Knight,Min,F-C,24.13,2,2.3,4.7,8,0,2,1,0,0,0,0,0,1.136,1,1,22.5,0,0,0,0,0,0,0,0
Kevin Knox II,Nyk,F,22.24,2,3,6.1,21.2,69.4,2,0.5,0,0,0,0,0,0.568,0.5,1,17.9,0.5,20.5,0,0,1,8.4,0,0
John Konchar,Mem,G,25.62,8,13,27.1,8.1,15.1,2,0,9,0.778,7,0.143,0.531,0.504,2.1,2.5,10.3,0.9,8.8,0.63,0.38,0.38,5.2,111.7,99.7
Furkan Korkmaz,Phi,G-F,24.29,8,21.2,44.2,22.7,13,15,0.933,29,0.586,38,0.342,0.545,0.591,10.9,1.9,5,3,20.8,0.75,0.25,1.38,7.5,116.5,113.5
Vit Krejci,Okc,G,21.38,2,4.6,9.5,18.4,25.8,2,1,0,0,2,0,0,0.347,1,1,11.2,0,0,0,0,0.5,0,56.8,112.9
Jonathan Kuminga,Gol,F,19.09,3,5.1,10.6,25.4,33.3,0,0,2,0.5,4,0.25,0.417,0.417,1.7,1,10.2,0.3,9.1,0.33,0,1,6.3,57.6,77.9
Kyle Kuzma,Was,F,26.29,9,33.4,69.7,20.8,10.5,23,0.478,63,0.46,55,0.345,0.487,0.492,14,9.6,15.1,1.8,8,0.78,0.56,1.67,7.5,96.7,102
Jeremy Lamb,Ind,G-F,29.44,7,18.7,38.9,21.1,9.4,13,1,25,0.36,27,0.481,0.548,0.606,10,2.3,6.7,0.7,5.6,0.57,0.43,0.86,5.4,113.5,104.8
Jock Landale,San,C,26.03,4,2.7,5.6,28.7,13.7,3,0.667,4,0.75,1,1,0.9,0.87,2.8,0.5,9.9,0.5,35,0,0.25,0.25,13.2,,
Romeo Langford,Bos,G-F,22.03,6,18.6,38.8,13.3,14.8,2,1,13,0.538,15,0.467,0.625,0.641,6.2,2.2,6.1,0.7,5.5,0.33,0,0.83,4.6,114.8,101.5
Zach LaVine,Chi,G-F,26.66,8,35.1,73.2,30.5,10.9,49,0.939,98,0.541,52,0.346,0.533,0.6,25.8,5.5,8.5,4.4,21.4,0.5,0.38,2.63,9.7,115.1,100.3
Jake Layman,Min,F,27.67,2,4,8.3,15.4,0,0,0,2,0.5,1,0,0.333,0.333,1,0.5,6.3,0,0,0.5,0,0,0,71.8,106.5
Damion Lee,Gol,G-F,29.04,7,25.2,52.4,18.8,5.2,16,0.875,33,0.455,33,0.485,0.591,0.63,13.1,3.1,6.4,1,5.8,0.14,0,0.57,5.5,120.3,98.1
Saben Lee,Det,G,22.37,4,6.8,14.1,18.6,17,4,0.5,5,0.4,3,0,0.25,0.307,1.5,0.8,6,0.8,17.2,0.5,0,0.5,5.8,65.8,108.4
Alex Len,Sac,C,28.39,5,18.6,38.8,16.7,19.2,10,0.8,21,0.571,4,0.5,0.6,0.646,7.6,4.2,11.7,1.2,9,0.6,1.6,1.4,7.2,110.8,84.3
Caris LeVert,Ind,G,27.2,4,26,54.2,32.5,6.4,12,0.583,45,0.467,23,0.217,0.419,0.437,16,2.3,4.7,5,31.7,1,0.75,1.25,8.8,96.7,108
Kira Lewis Jr.,Nor,G,20.59,10,14.5,30.1,23.8,21.8,1,1,41,0.439,23,0.217,0.398,0.403,5.2,2,7.3,2.3,25.2,0.2,0,1.8,7.9,77.4,107.6
Damian Lillard,Por,G,31.31,9,34.5,71.8,28.4,11.2,32,0.875,86,0.453,83,0.217,0.391,0.437,17.8,3.9,6,8.8,37.7,0.67,0.11,2.56,9.8,100.2,109.5
Nassir Little,Por,F-G,21.73,9,21.3,44.4,13.5,16.6,12,0.833,25,0.6,20,0.4,0.6,0.636,7.1,5.1,12.9,0.6,3.5,0.56,0.56,1.11,5.2,119.4,104.2
Kevon Looney,Gol,F,25.75,8,15.2,31.6,14.6,14.6,14,0.571,29,0.621,0,0,0.621,0.626,5.5,5.3,17.8,0.8,7,0.38,0.75,0.75,7.5,123.3,84.7
Brook Lopez,Mil,C,33.6,1,28.2,58.8,13.6,0,0,0,5,0.2,4,0.5,0.444,0.444,8,5,9.2,0,0,1,3,0,0,104,102.6
Robin Lopez,Orl,C,33.6,5,11.8,24.6,14.3,15.4,8,0.75,13,0.615,0,0,0.615,0.666,4.4,2.4,10.9,0.6,8.3,0,0.4,0.6,6.3,126.8,108
Didi Louzada,Nor,G,20,2,3.5,7.2,18.2,0,0,0,0,0,3,0,0,0,0,1,15.3,0.5,18.4,0,0,0,0,,
Kevin Love,Cle,F-C,33.16,7,20.7,43.2,23.1,7.7,22,0.909,38,0.447,24,0.208,0.395,0.481,9.9,7.3,18.6,2.3,16.9,0.29,0.14,0.86,10.6,107.7,100.8
Kyle Lowry,Mia,G,35.62,7,31.3,65.2,17,23,7,1,22,0.409,42,0.357,0.492,0.522,10,4.6,7.6,7.1,31.4,1.29,0.29,2.86,8.8,105.9,96.7
Timothe Luwawu-Cabarrot,Atl,G-F,26.5,4,3.7,7.7,22.8,12.7,2,0.5,3,0,3,0.333,0.25,0.291,1,0.8,10.5,0.5,17.3,0,0,0.25,8,,
Trey Lyles,Det,F,26,9,15.7,32.7,22.6,12,29,0.793,27,0.481,26,0.308,0.472,0.555,8.1,4.3,15,1.2,13.7,0.33,0.22,1,8.8,112.3,108
Theo Maledon,Okc,G,20.4,8,15.1,31.5,14.9,26.3,4,0.75,11,0.364,18,0.167,0.293,0.325,2.5,2,6.7,1.4,13.1,0.25,0,1.38,5.1,66.8,108.1
Sandro Mamukelashvili,Mil,F-C,22.46,7,8.7,18.2,12.8,10.9,3,0.667,9,0.444,6,0.5,0.567,0.582,2.7,1.3,7.6,0.3,4.6,0,0,0.29,4.7,115,109.9
Terance Mann,Lac,G-F,25.05,8,29.8,62.2,15.8,10.2,16,0.688,47,0.511,25,0.32,0.5,0.525,10.4,5.3,9,2.9,14.2,1.25,0.25,1.13,7.3,112.2,101.3
Tre Mann,Okc,G,20.76,5,10.5,21.9,21.1,3.9,4,0.25,14,0.5,9,0.333,0.5,0.485,4.8,1,4.8,0.2,3.4,0.2,0.4,0.2,3.8,96.9,105.9
Boban Marjanovic,Dal,C,33.23,4,7.3,15.3,37.4,19.6,8,0.375,17,0.765,0,0,0.765,0.707,7.3,2.5,17.1,0.3,10.7,0,0.25,1.25,9.7,102.3,77.2
Lauri Markkanen,Cle,F-C,24.46,8,30.7,64,19.9,6.2,22,0.864,47,0.447,50,0.28,0.433,0.483,12.9,5.9,10.1,1.5,7.4,1.38,1,0.88,6.3,102.4,103.5
Naji Marshall,Nor,F,23.78,10,15.1,31.4,13.3,24.9,14,0.857,17,0.529,13,0.077,0.35,0.456,3.3,3.7,12.9,1.2,11,0.7,0.3,1.2,6.5,87.7,101
Kenyon Martin Jr.,Hou,F,20.83,7,13.5,28.2,13.4,9.8,4,0.5,21,0.81,5,0.4,0.769,0.756,6,2.6,10,0.9,10.7,0.29,0.14,0.43,7.1,138.8,105
Caleb Martin,Mia,F,26.11,5,12.3,25.6,15.1,13.9,6,0.5,11,0.636,5,0.2,0.531,0.536,4,2.2,9.3,0.4,4.6,1,0.4,0.6,4.9,103,89.4
Cody Martin,Cha,F,26.11,10,24.2,50.5,13.2,7.8,25,0.8,43,0.535,17,0.471,0.583,0.634,9,4.3,9.4,2.2,12.1,1.3,0.6,0.6,7.3,134.6,111.2
Kelan Martin,Ind,F,26.26,3,10.4,21.7,18.5,7.4,1,0,4,0.5,8,0.625,0.792,0.764,6.3,0,0,1.3,20.2,0.33,0,0.33,0,140.9,114.5
Tyrese Maxey,Phi,G,21,9,33.6,70,19,12.7,26,0.846,76,0.566,23,0.348,0.556,0.598,14.7,3.1,5.2,4.3,18.8,0.67,0.44,1.78,6.9,117.9,108.5
Skylar Mays,Atl,G,24.17,4,3.7,7.7,20.8,13.9,5,1,2,1,2,0.5,0.875,0.968,3,0.3,3.5,0.3,10.4,0,0,0.25,7,0,0
Miles McBride,Nyk,G,21.16,4,0.8,1.7,39.4,0,0,0,1,0,2,0,0,0,0,0,0,0,0,0,0.25,0,0,0,0
CJ McCollum,Por,G,30.13,9,35.1,73.1,28.9,11.3,20,0.7,94,0.457,86,0.442,0.556,0.567,23.8,4.2,6.5,4,18.9,1.22,1,2.67,8.4,108.6,108
T.J. McConnell,Ind,G,29.62,10,25.4,52.9,15.6,15.2,2,0,62,0.516,15,0.4,0.532,0.526,8.2,3,6.5,5.2,29,1,0.4,1.4,7.9,110.9,105.5
Jalen McDaniels,Cha,F-C,23.76,8,12,25.1,15.2,11.3,12,0.667,9,0.778,17,0.471,0.731,0.735,5.8,1.9,8.2,1,11.5,0.5,0.13,0.5,7.4,136.4,105.7
Jaden McDaniels,Min,F,21.1,8,25.1,52.3,9,20.5,0,0,16,0.5,19,0.263,0.443,0.443,3.9,4.1,8.3,0.9,4.9,1,1,1.13,3.9,88,94
Doug McDermott,San,F,29.84,6,25.8,53.6,14.8,9.2,5,1,20,0.5,27,0.407,0.564,0.589,9.7,2,4.1,1,5.1,0.17,0,0.83,4.2,109.5,103.8
JaVale McGee,Pho,C-F,33.8,7,15.4,32.1,26.1,21.4,19,0.579,43,0.698,0,0,0.698,0.691,10.1,6.3,21.5,0.1,1.6,0,0.71,2,4.8,107.6,91.1
Rodney McGruder,Det,G,30.27,5,4.7,9.8,9.1,0,0,0,2,0,3,0.333,0.3,0.3,0.6,0.6,6.9,0.4,12.6,0,0.2,0,4.5,82.8,111.8
JaQuori McLaughlin,Dal,G,23.77,1,1.7,3.5,0,,0,0,0,0,0,0,,,0,0,0,1,77.1,0,0,0,0,,
Jordan McLaughlin,Min,G,25.58,8,12.7,26.4,12.9,19,6,0.667,11,0.455,12,0.167,0.348,0.39,2.5,1.3,5,2.4,26.4,0.88,0,0.75,6.2,93.2,105.3
Ben McLemore,Por,G,28.73,2,8.7,18,24.5,10.1,2,1,1,1,7,0.286,0.5,0.563,5,0,0,0.5,8.4,0,0,0.5,0,108.1,119.3
De'Anthony Melton,Mem,G,23.44,9,28.1,58.6,19.1,9.6,8,0.75,50,0.42,50,0.38,0.495,0.507,11.7,4.6,8.7,2.4,12.7,1.67,0.89,1.22,7.2,105.4,102.7
Sam Merrill,Mem,G,25.48,3,12.7,26.5,19.1,11.5,3,0.333,0,0,14,0.286,0.429,0.424,4.3,0.7,2.8,1,10.7,0,0,0.67,4.5,86.5,110.7
Khris Middleton,Mil,F,30.24,6,31.5,65.6,30.4,15.6,27,0.852,67,0.522,35,0.257,0.475,0.527,20,4.7,7.7,4.5,24.4,2,0.17,3.5,9.5,99.7,104.6
Paul Millsap,Bro,F,36.74,8,11.5,23.9,16.9,14.4,11,0.727,13,0.462,12,0.25,0.42,0.486,3.6,3.6,16.4,1,12.3,0.25,0.38,0.63,8.2,100.8,85.8
Patty Mills,Bro,G,33.24,9,25.4,53,16.4,5.9,3,0.667,32,0.344,46,0.5,0.583,0.586,10.3,2.1,4.3,3.1,18.6,0.44,0.22,0.56,6.4,121,104.9
Shake Milton,Phi,G-F,25.11,5,21.7,45.3,23.8,14.1,4,0.75,28,0.643,19,0.316,0.574,0.584,11.4,3.4,8.8,3.4,24.6,0.8,0.2,1.6,9.4,114.4,101.1
Davion Mitchell,Sac,G,23.17,9,27,56.2,18.4,7.6,11,0.636,50,0.52,42,0.286,0.478,0.49,10.6,2.2,4.3,3.7,19.1,0.67,0.22,0.89,6.5,105.9,102.9
Donovan Mitchell,Uta,G,25.16,7,32,66.6,35.2,13.4,30,0.9,79,0.494,70,0.329,0.493,0.536,24.9,4.6,7.4,4.9,27.8,1.43,0.29,3.57,10.3,105.9,98.5
Evan Mobley,Cle,C,20.39,10,34.2,71.3,18.2,12.5,33,0.788,99,0.535,13,0.154,0.5,0.545,13.8,7.9,12.2,2.3,10.4,0.9,1.3,1.8,7.4,107.4,100.8
Malik Monk,Lal,G,23.75,9,19.8,41.3,14.4,9.8,8,0.75,20,0.45,32,0.313,0.462,0.486,6,1.6,4.2,1.8,11.3,0.67,0,0.67,5.2,101.7,110.9
Moses Moody,Gol,G,19.44,6,6.8,14.2,15.6,6.7,2,0.5,6,0.5,7,0.286,0.462,0.468,2.2,1.2,8.8,0.5,10,0,0.17,0.17,6.5,95.8,98.5
Ja Morant,Mem,G,22.24,9,34.4,71.7,32.2,16.1,51,0.745,133,0.541,43,0.349,0.537,0.572,25.2,5.6,8.7,7.1,36.8,1.67,0.22,4.22,11.6,109.6,107.1
Marcus Morris Sr.,Lac,F,32.18,2,27.4,57.1,15.6,5,2,1,7,0.571,11,0.273,0.472,0.503,9.5,0.5,0.9,0.5,2.7,1,0.5,0.5,1.9,98.4,96.9
Markieff Morris,Mia,F,32.18,8,18.4,38.3,19.8,13.2,5,1,39,0.513,18,0.333,0.509,0.532,7.9,2.8,7.8,1.3,10.3,0.38,0.13,1.13,6.7,106.4,91.7
Monte Morris,Den,G,26.36,8,28.7,59.8,18.5,13.5,6,0.5,52,0.538,29,0.31,0.512,0.514,10.8,2.3,4.3,4,20.3,0.5,0.13,1.63,6.5,102.2,104.8
Mychal Mulder,Orl,G,27.4,2,3.6,7.4,36.6,16.7,0,0,3,0,2,0.5,0.3,0.3,1.5,1,15,0.5,23.3,0,0,0.5,10.1,,
Trey Murphy III,Nor,F,21.38,10,20.8,43.3,13.3,12.1,5,0.8,14,0.214,42,0.357,0.455,0.473,5.5,2.5,6.3,1,6.8,0.3,0.3,0.8,4.6,94.1,109
Dejounte Murray,San,G,25.13,9,34.4,71.6,24.5,10.6,21,0.714,115,0.487,36,0.361,0.5,0.518,18.4,8.1,12.6,8.2,35.4,2.11,0.44,2.11,12.4,109.6,96.3
Mike Muscala,Okc,F-C,30.35,6,15.4,32,20.9,4.5,13,0.692,14,0.5,23,0.348,0.514,0.55,7.8,3.7,12.1,0.7,7.4,0.67,0.33,0.33,7.1,111.6,100.8
Svi Mykhailiuk,Tor,G-F,24.41,10,18.9,39.3,15.5,14.4,17,0.882,22,0.636,30,0.433,0.644,0.689,8.2,3.2,9.1,1.2,9.2,0.9,0,1,6.7,128.3,97.8
Abdel Nader,Pho,F,28.12,6,10,20.7,15.6,18.5,6,0.833,10,0.3,5,0.2,0.3,0.397,2.3,1.5,7.9,0.3,4.2,0.67,0,0.67,4,75.6,93.3
Larry Nance Jr.,Por,F-C,28.85,9,18.1,37.8,12,19.7,6,0.5,23,0.609,11,0.364,0.588,0.587,4.8,5.2,15.4,1.2,9,0.78,0.44,1,6.9,110.3,100.9
RJ Nembhard Jr.,Cle,G,22.63,1,1.9,4,22.7,0,0,0,1,1,0,0,1,1,2,0,0,1,188,0,0,0,0,,
Aaron Nesmith,Bos,G-F,22.06,6,8.1,16.9,17.9,5,0,0,4,0.5,15,0.267,0.421,0.421,2.7,1.2,7.5,0.7,12.6,0.17,0,0.17,6.5,98.2,100.2
Raul Neto,Was,G,29.47,8,22.2,46.2,17,13,7,1,41,0.659,16,0.25,0.579,0.608,9.1,2.9,6.8,3.3,22.5,1.25,0.13,1.13,8,116.8,100.3
Georges Niang,Phi,F,28.39,9,22.5,46.8,20.1,5.6,12,0.833,24,0.583,55,0.418,0.614,0.635,11.9,2.8,7,1.8,11.7,0.33,0.33,0.56,7,127.4,104.4
Zeke Nnaji,Den,F-C,20.82,2,5,10.4,22,0,0,0,2,0.5,3,0.667,0.8,0.8,4,2,21.9,0,0,0,0,0,0,149.1,83.4
Nerlens Noel,Nyk,C-F,27.58,2,21.2,44.1,8.1,38.1,2,1,4,0.75,0,0,0.75,0.82,4,9.5,23.8,1,6.2,1.5,1,1.5,6.3,142.1,88.9
Jaylen Nowell,Min,G,22.33,3,7.9,16.5,17.4,10,0,0,7,0.286,2,0,0.222,0.222,1.3,0.7,4.3,1.3,24.2,0.33,0,0.33,5.4,70,109.2
Frank Ntilikina,Dal,G,23.28,7,13.7,28.5,17.4,5.2,6,1,15,0.4,19,0.263,0.397,0.45,4.7,2,7.3,0.9,9.7,0.43,0.29,0.29,5.9,102.2,96.5
Jusuf Nurkic,Por,C,27.21,9,25.4,52.8,20,17.8,31,0.677,66,0.576,8,0.125,0.534,0.571,11.1,11.3,24,2,11.5,1.44,0.67,2.11,9.9,112.1,97.7
David Nwaba,Hou,G-F,28.81,8,14,29.2,15.9,9.2,12,0.583,27,0.556,7,0,0.441,0.471,4.6,2.9,10.8,1,10.8,1,0.25,0.5,6.8,100.2,98.4
Jordan Nwora,Mil,F,23.16,9,22.9,47.7,20.8,8.9,9,0.778,42,0.429,46,0.326,0.46,0.478,9.8,4,9,1.6,10.3,0.11,0.78,1,6.9,96.2,109
Semi Ojeleye,Mil,F,26.92,4,16.1,33.5,13.7,9.6,4,0.5,5,0.4,12,0,0.118,0.16,1.5,2.8,8.8,0,0,0.25,0,0.5,0,39.8,102.9
Chuma Okeke,Orl,F,23.22,4,18.3,38.1,18.1,16.3,6,1,11,0.545,12,0.167,0.391,0.468,6,3.3,9.5,1.3,10.7,1,0.5,1.25,6.5,92.9,107.2
Josh Okogie,Min,G,23.18,6,15.6,32.5,12.7,10.4,11,0.545,13,0.385,8,0.25,0.381,0.426,3.7,3,9.7,1,9.1,1.17,0.33,0.5,5.7,99,100.6
Isaac Okoro,Cle,F-G,20.78,4,27,56.3,11.4,7,8,0.625,18,0.556,5,0.2,0.5,0.528,7,2.8,5.4,1.8,9.2,0.5,0.75,0.5,4.9,117.4,102
KZ Okpala,Mia,F-G,22.53,4,3.9,8.2,5.4,0,0,0,1,0,1,1,0.75,0.75,0.8,0.8,10,0,0,0,0,0,0,,
Kelly Olynyk,Det,F-C,30.55,9,22.7,47.2,24,11.4,33,0.636,52,0.558,35,0.314,0.523,0.552,12.4,5.2,12.5,2.4,20.6,1.33,0.67,1.44,9.5,109,100.3
Eugene Omoruyi,Dal,F,24.73,2,5.2,10.8,23.8,0,4,0.5,2,0.5,2,0.5,0.625,0.608,3.5,2.5,24.1,0.5,16.8,0,0,0,12.6,137,91.4
Royce O'Neale,Uta,F,28.42,8,30.6,63.8,9,15.3,1,1,14,0.714,30,0.267,0.5,0.506,5.6,4.5,7.6,2.3,9.8,1.38,0.63,1,5.1,108.3,97.9
Miye Oni,Uta,G-F,24.26,3,2.5,5.2,0,,0,0,0,0,0,0,,,0,0.3,6.9,0.3,16.2,0,0,0,0,,
Cedi Osman,Cle,F,26.58,9,18.3,38.1,19.7,10.7,9,0.556,15,0.467,48,0.5,0.683,0.68,10.1,1.8,5.2,1.4,12.8,0.22,0.11,0.89,6.4,121.5,105.5
Kelly Oubre Jr.,Cha,F-G,25.91,10,27.2,56.6,19.7,4.7,20,0.65,50,0.46,64,0.344,0.491,0.509,12.5,4.6,8.9,1.3,6.7,0.8,0.1,0.6,6.2,107.8,108.4
Kevin Pangos,Cle,G,28.78,3,2.6,5.5,16.4,33.3,0,0,1,0,1,0,0,0,0,0,0,0,0,0,0,0.33,0,,
Jabari Parker,Bos,F,26.65,4,10.1,21.1,19.4,11.1,0,0,10,0.6,6,0.667,0.75,0.75,6,1.8,9,0.3,4.7,0.25,0.25,0.5,5.9,120.6,97
Eric Paschall,Uta,F,25,8,15.7,32.7,11.1,12,5,0.6,10,0.6,17,0.294,0.5,0.514,3.8,3,9.9,0.6,5.4,0.25,0.13,0.5,4.8,114.3,101.9
Chris Paul,Pho,G,36.5,7,32.2,67.1,18.2,18.9,26,0.808,49,0.49,17,0.353,0.5,0.562,12.4,4.4,7.2,12,51.3,2.43,0.57,2.57,10.8,123.3,96.3
Cameron Payne,Pho,G,27.25,2,16.6,34.6,27.9,18.6,8,0.625,8,0.375,6,0.167,0.321,0.4,7,2.5,7.9,3.5,28.5,0.5,0,2,9.5,85.5,97.2
Gary Payton II,Gol,G,28.93,8,9,18.8,20.6,14.4,4,1,19,0.737,9,0.556,0.768,0.79,5.9,1.9,10.7,0.8,14,0.75,0.13,0.63,9.2,135.8,89
Elfrid Payton,Pho,G,27.7,5,14.9,31.1,22.2,18.2,8,0.5,27,0.556,1,0,0.536,0.539,6.8,3.4,12,3,30.5,0.6,0,1.4,11,107.6,93.7
Jamorko Pickett,Det,F,23.87,3,2.9,6,9.9,50,0,0,0,0,1,1,1.5,1.5,1,0,0,0,0,0,0,0.33,0,,
Mason Plumlee,Cha,F-C,31.67,10,26.5,55.2,12.2,15.5,31,0.29,52,0.538,0,0,0.538,0.495,6.5,7.8,15.5,2.6,12.7,0.9,1.2,1.2,7.7,109,105.4
Jakob Poeltl,San,C,26.06,7,29.8,62.1,18,13.5,13,0.385,71,0.648,0,0,0.648,0.632,13.9,9.7,17.4,2.6,12.7,0.86,1.14,1.71,9.5,127.2,96.2
Aleksej Pokusevski,Okc,C,19.86,8,13.6,28.3,20.9,20.9,6,0.667,19,0.526,20,0.25,0.449,0.468,4.9,4.1,15.4,1,12,0.63,0.38,1.38,8,83.5,101.6
Jordan Poole,Gol,G,22.38,8,28.4,59.1,27.5,13.7,8,0.875,60,0.567,62,0.355,0.549,0.562,17.6,2.4,4.3,3.3,18.8,1.38,0.38,2.5,7.3,99.7,92.9
Kevin Porter Jr.,Hou,G-F,21.51,8,31.8,66.2,23.5,26.9,20,0.7,50,0.5,47,0.298,0.474,0.501,13.3,4.5,7.5,5.1,25.2,1.5,0.38,4.88,8.5,87.3,101.8
Michael Porter Jr.,Den,F,23.36,8,32.2,67.2,19.6,10.4,9,0.556,53,0.491,46,0.217,0.414,0.422,10.9,6.9,11.7,2.1,9.3,1.25,0.25,1.5,6.7,86.8,99.6
Otto Porter Jr.,Gol,F,28.43,8,17.1,35.6,14.1,11.2,4,0.75,15,0.6,23,0.391,0.592,0.604,6,3.9,11.7,1.4,11.1,0.75,0.5,0.63,7.5,117.2,91.7
Bobby Portis,Mil,F,26.74,4,20.4,42.4,26.5,9.9,4,0.75,33,0.455,11,0.182,0.409,0.426,9.8,6,15.2,0.5,4,0.25,0.75,1.25,6.1,89.9,98.8
Kristaps Porzingis,Dal,F-C,26.26,3,25.8,53.8,29.3,9.5,11,0.727,26,0.346,17,0.235,0.349,0.397,12.7,6,11.6,0.7,4.3,0.67,2,1.67,5.8,83.8,97.1
Dwight Powell,Dal,F-C,30.3,8,24.3,50.7,13.8,16,26,0.654,36,0.583,5,0.4,0.585,0.62,8.1,4.6,9.5,1,6.4,0.88,0.63,1.25,5.5,120.1,92
Norman Powell,Por,G,28.45,7,28.4,59.1,21.5,5,24,0.917,49,0.571,35,0.457,0.619,0.666,18,2.7,5.1,1.4,7.9,0.86,0.57,0.71,5.7,131.3,110.6
Joshua Primo,San,G,18.87,2,2.9,5.9,14.9,0,0,0,1,1,1,1,1.25,1.25,2.5,0.5,9.3,0,0,0,0,0,0,,
Taurean Prince,Min,F,27.63,8,15,31.3,14.9,13.8,8,0.625,10,0.4,24,0.167,0.294,0.333,3.1,2.3,7.6,0.8,7,0.38,0,0.75,4.8,74.9,100.3
Payton Pritchard,Bos,G,23.77,8,11.8,24.6,13.4,17.2,0,0,6,0.167,18,0.333,0.417,0.417,2.5,2.1,9.4,1.5,18,0,0.25,0.63,6.7,93.8,100.5
Immanuel Quickley,Nyk,G,22.39,9,14.6,30.3,21.8,7.6,11,0.909,25,0.4,31,0.226,0.366,0.419,5.7,1.6,5.7,1.4,14.2,0.67,0,0.56,6.4,94.3,103.3
Julius Randle,Nyk,F-C,26.94,9,36.8,76.6,27.6,13.8,56,0.804,106,0.462,51,0.353,0.484,0.542,21.9,11.3,16.3,5.7,24.6,0.67,1.11,3.22,12.2,111.3,100
Austin Reaves,Lal,G,23.44,8,20.2,42.2,10.2,17.6,4,1,11,0.818,20,0.35,0.629,0.656,5.4,1.6,4.3,0.8,4.6,0.25,0.25,0.88,3.8,109.8,107.2
Cam Reddish,Atl,F-G,22.18,9,22.9,47.8,25.8,12.9,23,0.87,56,0.446,42,0.381,0.5,0.546,13.1,2.7,6,1,6.7,1.44,0.11,1.78,5.7,101.3,105.5
Paul Reed,Phi,F,22.4,6,7.4,15.3,13.4,0,0,0,12,0.5,1,0,0.462,0.462,2,2.5,19.1,0.8,15.7,0.17,0.5,0,8.6,132.1,92.1
Naz Reid,Min,C-F,22.2,8,14.5,30.2,23.6,12,15,0.667,28,0.643,24,0.292,0.548,0.572,8.4,2.8,9.6,0.9,10.7,0.75,1,1,7.6,107.9,90.5
Nick Richards,Cha,C,23.94,7,6.8,14.3,14.5,17.9,4,1,12,0.667,0,0,0.667,0.727,2.9,1.1,8.8,0.3,5.9,0.43,0.57,0.43,5.8,128,106.4
Josh Richardson,Bos,G,28.14,7,21.4,44.5,14.7,12,5,0.8,21,0.524,21,0.333,0.512,0.532,6.7,2.7,6.6,1,7.1,0.57,0.43,0.86,4.9,104.8,103.9
Austin Rivers,Den,G,29.26,6,12,25.1,15.2,24.1,2,0.5,10,0.3,8,0.25,0.333,0.344,2.2,0.8,3.8,0.8,8.9,0.17,0,1,3.7,64.7,105.4
Duncan Robinson,Mia,F,27.54,8,29,60.4,16.7,8.8,4,0.75,9,0.556,72,0.333,0.506,0.514,10.6,4.3,7.6,1.1,5.5,0.38,0.25,1,5.1,101.9,95
Jeremiah Robinson-Earl,Okc,F,21.01,8,16.6,34.6,13.2,22.1,4,0.5,15,0.667,15,0.4,0.633,0.63,5,3.5,10.7,0.4,3.6,0.25,0.13,1.13,4.6,104.4,109.2
Justin Robinson,Mil,G,24.07,9,15.6,32.5,13.3,18.2,2,1,12,0.583,23,0.348,0.543,0.557,4.4,1.1,3.7,1.2,11,0.78,0,0.89,4.6,101.8,105.8
Mitchell Robinson,Nyk,C-F,23.6,9,28.6,59.6,8.4,16.1,22,0.545,32,0.813,0,0,0.813,0.768,7.1,8.6,15.8,1.2,5.9,0.56,1.22,0.89,5.9,150.4,97.8
Isaiah Roby,Okc,F,23.76,5,10.3,21.4,22.5,11.2,4,1,15,0.533,7,0.286,0.5,0.547,5.2,2.2,10.9,0.4,7,0,0.2,0.6,6.4,108,98.7
Rajon Rondo,Lal,G,35.7,5,16.9,35.3,20.1,29.3,0,0,19,0.316,10,0.4,0.414,0.414,4.8,1.8,5.6,4.2,31.7,1,0,2.4,7.8,82.5,104.2
Derrick Rose,Nyk,G,33.09,9,22,45.9,24.8,11.5,12,0.917,62,0.468,33,0.455,0.542,0.568,12.7,3.1,7.5,2.9,21.6,1,0.33,1.44,8.8,113.3,108.5
Terrence Ross,Orl,G-F,30.75,10,26.4,55,15.5,11.6,22,0.864,33,0.545,41,0.317,0.507,0.562,9.4,1.8,3.6,1.8,10.8,0.7,0.2,1.1,4.7,109.1,111
Terry Rozier,Cha,G,27.64,5,31.1,64.7,21.2,15.1,10,0.9,27,0.333,36,0.278,0.381,0.423,11.4,3.4,5.8,3,12.8,0.8,0.2,2.4,6.3,83.8,116.1
Ricky Rubio,Cle,G,31.04,10,27.6,57.4,23.5,19.3,21,0.857,65,0.369,47,0.34,0.429,0.47,11.4,3.8,7.3,6.5,35.7,1.2,0.2,2.9,9.5,96.4,99.7
D'Angelo Russell,Min,G,25.7,6,28,58.3,28.6,16.3,13,0.769,47,0.426,45,0.289,0.429,0.455,14.8,3.8,6.9,4.5,27.5,0.83,0.67,3.17,9,89.1,104
Domantas Sabonis,Ind,F-C,25.51,10,37.5,78.2,21.4,18.8,41,0.707,100,0.71,33,0.242,0.624,0.646,19.5,11,16.1,4.2,17.4,1.4,0.3,3.5,10.3,116.1,101.4
Tomas Satoransky,Nor,G,30.02,5,13.2,27.4,13.9,22.9,2,1,14,0.429,2,0.5,0.469,0.504,3.4,0.6,2.4,1.6,17.8,0.6,0,1,4.5,92.1,112.4
Dennis Schroder,Bos,G,28.14,9,30.9,64.4,21.7,13.7,37,0.838,63,0.397,40,0.325,0.432,0.503,13.3,3.9,6.6,6,30.3,1.44,0.11,2.11,8.8,108,103.4
Jay Scrubb,Lac,G,21.18,2,6.1,12.7,24.2,0,2,0.5,4,0.25,2,0.5,0.417,0.436,3,0.5,4.2,0,0,0,0,0,0,89.7,86.3
Wayne Selden,Nyk,G,27.1,1,1,2.1,0,,0,0,0,0,0,0,,,0,0,0,0,0,0,0,0,0,,
Alperen Sengun,Hou,C,19.29,8,20.3,42.4,22.6,25.8,28,0.75,44,0.455,10,0.3,0.454,0.528,8.8,4.4,11.3,2.5,18.8,2.13,0.38,2.88,9,93.9,89.6
Collin Sexton,Cle,G,22.84,10,30.4,63.3,27.1,16.7,39,0.744,100,0.53,42,0.262,0.489,0.528,16.8,3.5,6.1,1.9,10.5,1,0,3.2,6.3,94,102.8
Landry Shamet,Pho,G,24.65,7,16.9,35.3,14.8,9.8,9,0.778,8,0.5,25,0.4,0.576,0.609,6.4,2,6.2,1.3,10.2,0.14,0,0.57,6,119,100.6
Day'Ron Sharpe,Bro,F,20,4,3.5,7.2,15.8,0,2,0,2,1,2,0.5,0.875,0.717,1.8,0.5,7.5,0,0,0,0,0,0,,
Anfernee Simons,Por,G,22.41,9,23.1,48.1,22.1,8.4,5,1,41,0.61,55,0.455,0.651,0.662,14.4,2.2,5.2,2,14,0.56,0.11,1,6.9,124.8,108.2
Jericho Sims,Nyk,C,23.05,4,6.1,12.8,5.1,34.7,2,0.5,1,1,0,0,1,0.798,0.8,1.5,13,0,0,0.25,0,0.25,0,92.9,98.1
Marcus Smart,Bos,G,27.67,8,35.1,73.2,14.9,17.7,16,0.75,22,0.364,50,0.28,0.403,0.443,8.8,3.6,5.4,3.8,15.3,2.38,0.5,2.13,5.6,87.6,102.5
Dennis Smith Jr.,Por,G,23.95,5,11.7,24.4,16.1,27.2,7,0.429,11,0.455,2,1,0.615,0.591,3.8,1.4,6.4,2.6,30,0.8,0.4,1.2,8.2,108.2,108.4
Ish Smith,Cha,G,33.34,10,17.8,37.1,20.7,11.3,6,0.333,74,0.392,2,0.5,0.401,0.401,6.3,1.5,4.4,3.3,26.1,0.5,0.3,1,7.1,89.4,114.5
Jalen Smith,Pho,F-C,21.64,2,9.2,19.1,21.9,10.7,3,1,6,0.5,1,0,0.429,0.541,4.5,3,17.3,0,0,0.5,0.5,0.5,0,111.2,90.9
Tony Snell,Por,G,29.99,3,7.1,14.9,10,0,0,0,0,0,5,0.4,0.6,0.6,2,0.7,5,0,0,0,0,0,0,120.7,106.9
Jaden Springer,Phi,G,19.12,1,2.1,4.4,0,,0,0,0,0,0,0,,,0,0,0,0,0,0,0,0,0,,
Lamar Stevens,Cle,F,24.33,6,10.1,21,15,9.5,0,0,14,0.214,5,0.2,0.237,0.237,1.5,1.8,9.6,0.2,2.2,0.33,0,0.33,3.2,66,100.4
Isaiah Stewart,Det,F-C,20.46,9,23.8,49.7,14,14.2,5,0.6,52,0.615,6,0.167,0.578,0.581,7.8,7,15.9,1.1,8.2,0.56,1.33,1.11,6.6,111.1,101.9
Max Strus,Mia,G-F,25.61,6,17.3,36,14.6,5.7,3,0.333,8,0.5,24,0.375,0.547,0.54,6,2.7,8,0.8,6.8,0.33,0.17,0.33,5.4,111.5,99.4
Jalen Suggs,Orl,G,20.43,10,29,60.5,27,19.3,39,0.846,72,0.375,57,0.228,0.36,0.431,12.6,3.3,6.1,3.4,19.3,0.9,0.5,3.5,7.2,83.2,103.3
Jae'Sean Tate,Hou,F,26.03,8,26.7,55.5,18.2,19.2,9,1,50,0.56,22,0.273,0.514,0.546,10.4,6.1,12.1,2.5,14.8,0.63,0.63,2.25,8.1,103.3,100.9
Jayson Tatum,Bos,F-G,23.68,9,37.2,77.4,31.7,8.7,47,0.745,131,0.427,70,0.271,0.42,0.46,22.7,8.1,11.4,3.4,16.8,0.89,0.78,2.33,9.2,93.7,101.3
Garrett Temple,Nor,G-F,35.5,8,18.5,38.6,13.5,14.6,11,0.818,15,0.467,21,0.333,0.486,0.539,5.5,3.1,8.9,1.1,8.7,0.75,0.88,0.88,5.7,109,108.1
Daniel Theis,Hou,F-C,29.59,6,22,45.9,14,4.5,11,0.818,22,0.545,16,0.25,0.474,0.525,7.5,5,12,0.5,3.4,0,0.33,0.33,4.8,114.8,101.9
Cam Thomas,Bro,G,20.07,5,3.3,7,21,12.7,2,1,4,0,2,0,0,0.145,0.4,0.2,3.1,0.2,7.4,0,0,0.2,3.1,,
Matt Thomas,Chi,G,27.26,1,2.4,5,18.5,0,0,0,1,0,0,0,0,0,0,0,0,0,0,0,0,0,0,,
Tristan Thompson,Sac,C-F,30.65,6,13.7,28.5,14.1,14.7,5,0.6,21,0.571,0,0,0.571,0.582,4.5,4.2,15.8,0.5,5.1,0.17,0.33,0.67,6.2,120.8,96.2
JT Thor,Cha,F,19.2,2,1,2.1,0,,0,0,0,0,0,0,,,0,0,0,0,0,0,0,0,0,,
Matisse Thybulle,Phi,G-F,24.68,9,25,52,9.9,16.4,2,1,21,0.619,19,0.316,0.55,0.563,5.1,2.3,5.3,1.3,6.9,2.33,1.67,0.89,4,107.7,105.3
Killian Tillie,Mem,F-C,23.67,3,7.1,14.9,15.7,12.5,0,0,3,0,4,0,0,0,0,1.7,12.6,0,0,1,0.67,0.33,0,27.4,100.6
Xavier Tillman Sr.,Mem,F,22.82,7,14.8,30.8,13.9,14.6,5,0.6,19,0.684,8,0.125,0.537,0.548,4.6,3.1,11.4,1.1,10.9,1.57,0.14,0.71,6.8,111.8,101.9
Isaiah Todd,Was,F,20.06,1,4.5,9.4,28,0,2,0.5,0,0,2,0.5,0.75,0.694,4,1,11.7,0,0,1,0,0,0,132.8,97.3
Obi Toppin,Nyk,F,23.68,9,15.3,31.8,17.9,7.1,22,0.591,28,0.786,15,0.133,0.581,0.598,7,2.6,8.9,0.8,7.8,0.44,0.89,0.44,6.4,120.6,99.1
Juan Toscano-Anderson,Gol,F,28.58,8,12.9,26.8,12,17.4,4,0.75,11,0.455,11,0.364,0.5,0.526,3.1,2,8,1.8,17.7,0.75,0.25,0.63,6.9,110.3,91.6
Karl-Anthony Towns,Min,C-F,25.98,8,34.4,71.6,26.5,19.2,37,0.865,76,0.526,51,0.49,0.61,0.653,23.4,9.3,13.6,3.5,18.7,1.63,1.25,4.25,10.6,114.3,97.3
Gary Trent Jr.,Tor,G-F,22.8,10,33.4,69.5,20.2,6.2,21,0.857,78,0.423,63,0.365,0.479,0.509,15.3,3.3,5.3,1.4,6.3,3,0.4,1,5,107.4,100.5
P.J. Tucker,Mia,F,36.51,8,27.7,57.6,8.7,8.8,5,0.6,13,0.462,26,0.308,0.462,0.473,4.9,5.1,9.7,1.6,7.6,0.5,0,0.5,4.9,114.3,97.4
Myles Turner,Ind,C-F,25.62,10,27.4,57,19.7,12.8,36,0.667,42,0.714,51,0.412,0.661,0.675,14.7,7.9,15.8,1.2,6.6,0.5,2.7,1.6,7.6,121.6,102.6
Jonas Valanciunas,Nor,C,29.5,10,33.5,69.8,23.4,12.8,45,0.889,128,0.492,16,0.563,0.531,0.589,19.3,14.2,22.3,2.7,14,0.7,1,2.4,10.8,117,102.6
Denzel Valentine,Cle,G,27.97,5,2.4,5,14.4,0,0,0,2,0,2,0.5,0.375,0.375,0.6,0.2,4.4,0,0,0.2,0,0,0,,
Jarred Vanderbilt,Min,F,22.59,8,20.2,42.1,12.8,15.9,10,0.9,34,0.559,4,0,0.5,0.554,5.9,6.8,16.9,0.8,5.6,0.88,0.38,1,6.3,112.4,93.8
Fred VanVleet,Tor,G,27.7,10,38.6,80.4,22.5,15.5,24,0.75,91,0.484,73,0.37,0.515,0.536,18.7,5.3,7.4,7.1,28.3,1.5,0.4,3.2,9.2,108.9,104.1
Devin Vassell,San,G-F,21.2,9,26,54.2,19.2,8.5,12,0.667,51,0.529,41,0.366,0.538,0.55,11.9,4.1,8.4,1.7,8.9,1.44,0.67,1,6.7,106.4,97.7
Gabe Vincent,Mia,G,25.39,7,7.1,14.9,11.1,30.8,0,0,4,0.75,5,0.2,0.5,0.5,1.3,1,7.3,1.6,29.2,0,0,0.57,7.2,109.1,95.6
Nikola Vucevic,Chi,C,31.04,8,34.4,71.6,21.7,9.7,18,0.722,81,0.432,32,0.281,0.429,0.455,13.8,10.8,16.9,4.6,20,1.38,0.88,1.63,10.3,100.5,92.7
Dean Wade,Cle,F-C,24.96,7,12.8,26.8,13,7.4,0,0,10,0.8,15,0.2,0.5,0.5,3.6,2.9,11.8,0.9,9.8,0.43,0,0.29,6.6,109.1,96.4
Franz Wagner,Orl,F,20.2,10,31.8,66.1,18,6.8,12,0.667,65,0.538,53,0.396,0.564,0.572,14.1,3.5,5.9,1.9,10.5,1.1,0.6,0.9,5.7,114.6,107.2
Moritz Wagner,Orl,F-C,24.53,9,11.6,24.2,21.2,13.7,12,0.5,11,0.455,28,0.357,0.513,0.519,5.1,2.8,12.8,0.6,7.9,0,0.11,0.78,7.1,95.8,94.4
Lonnie Walker IV,San,G-F,22.9,9,23.8,49.5,21.4,12.9,12,0.833,41,0.488,48,0.354,0.511,0.536,11.2,3.2,7.2,2.9,16.7,0.78,0.33,1.56,7.9,101.8,101.9
Kemba Walker,Nyk,G,31.5,9,26.4,55.1,20,12.7,11,0.727,37,0.378,54,0.481,0.582,0.595,12.7,3,6,3,17.2,1.22,0.33,1.56,7.4,112.3,106.3
Brad Wanamaker,Ind,G,32.29,6,14,29.2,16.8,27.5,4,0.75,15,0.2,7,0.429,0.341,0.379,3,1.8,7.2,2.8,25.8,0,0.67,1.5,7.1,82.9,101.2
Duane Washington Jr.,Ind,G,21.62,2,2.2,4.6,29.4,0,0,0,1,1,2,0.5,0.833,0.833,2.5,0.5,12.5,0,0,0,0,0,0,,
P.J. Washington,Cha,F,23.21,7,21.1,44,19.4,13,14,0.786,32,0.531,22,0.364,0.537,0.573,9.9,4.6,11.4,1.4,9.5,0.71,1,1.29,7.6,111.3,111.7
Russell Westbrook,Lal,G,32.98,9,35.8,74.5,29.4,18.9,35,0.629,131,0.496,38,0.263,0.473,0.493,20.2,8.4,12.5,8.1,34,1.33,0.11,4.78,12.4,96.5,102.4
Derrick White,San,G,27.35,9,32.4,67.6,18.8,12.3,25,0.76,57,0.491,46,0.348,0.505,0.539,13.7,3.4,5.7,5.7,23.3,1.11,1,1.78,7.9,109.8,101.2
Hassan Whiteside,Uta,C,32.4,8,15.9,33.1,16.7,15.9,12,0.917,37,0.568,0,0,0.568,0.627,6.6,7.6,24.8,0.3,2.4,0.38,1.63,1,6.2,121.5,80.9
Andrew Wiggins,Gol,F,26.7,8,29.4,61.3,23.2,7.9,21,0.762,67,0.493,41,0.366,0.514,0.542,15.9,4.5,7.9,1.6,8.5,0.88,0.38,1.25,6.6,106,97.7
Robert Williams III,Bos,C-F,24.06,8,30.7,64,10.8,13.2,15,0.667,46,0.696,0,0,0.696,0.703,9.3,8.5,14.4,1.4,6.9,1.13,2.13,1,6.3,142.2,104.7
Grant Williams,Bos,F,22.93,9,18.8,39.2,13,10,14,0.857,14,0.643,25,0.44,0.654,0.698,7,2.4,6.8,1.2,9.9,0.22,0.44,0.56,5.8,135.2,103.5
Kenrich Williams,Okc,G-F,26.93,8,21.8,45.5,15.7,12.6,8,0.5,31,0.419,21,0.381,0.481,0.486,6.8,3.8,8.7,1.4,10,0.38,0.25,1,6.1,96.7,104.9
Lou Williams,Atl,G,35.03,6,11.8,24.5,24.6,4.9,8,1,25,0.36,10,0.2,0.343,0.415,5.3,1.7,7.3,1.3,16.3,0.67,0.17,0.33,7.7,95.6,103.8
Patrick Williams,Chi,F,20.2,5,24.9,52,9.5,7.5,4,1,17,0.588,6,0.5,0.63,0.666,6.6,2.2,4.8,0.6,3.3,0.6,0.4,0.4,3.3,126.6,98.8
Ziaire Williams,Mem,F,20.15,9,18.4,38.3,16,12.7,2,1,14,0.357,40,0.325,0.454,0.465,5.7,1.4,4.2,0.6,4.1,0.78,0.44,0.89,3.7,90,103.5
Dylan Windler,Cle,G-F,25.12,6,8.8,18.3,13.8,5.9,2,1,7,0.714,8,0.375,0.633,0.661,3.5,0.8,5,1,17.4,0.33,0,0.17,6.4,138.1,105.3
Justise Winslow,Lac,F-G,25.61,7,10.3,21.4,21.4,25.1,2,0.5,21,0.429,5,0,0.346,0.353,2.7,2,9.9,1.1,16.2,0.43,0.57,1.29,7,69.5,94.9
Christian Wood,Hou,F,26.11,8,34.2,71.3,23.7,8.9,40,0.525,79,0.532,47,0.383,0.548,0.554,19.9,12.5,19.3,2.4,12.1,0.63,1,1.75,9.8,110.4,100.8
McKinley Wright IV,Min,G,23.03,1,4.1,8.5,20.1,50,0,0,0,0,1,1,1.5,1.5,3,0,0,0,0,0,0,1,0,73.5,117.8
Delon Wright,Atl,G,29.53,8,10.5,21.8,12.3,20.8,0,0,14,0.5,5,0.2,0.447,0.447,2.1,2.4,11.8,1.9,23.8,0.38,0,0.63,8.1,106.6,108.3
Thaddeus Young,San,F,33.38,6,15.4,32,17.9,23.1,0,0,28,0.607,2,0,0.567,0.567,5.7,3.7,12.7,2.8,25.8,1.17,0.83,1.5,10.1,108,91.4
Trae Young,Atl,G,23.13,9,34.4,71.8,31.4,12.3,50,0.92,130,0.462,47,0.255,0.441,0.508,22.4,3.8,5.7,9.2,43.4,0.89,0.22,3.11,10.7,108.5,109.5
Omer Yurtseven,Mia,C,23.38,6,3.3,6.8,27,8,1,0,11,0.636,0,0,0.636,0.612,2.3,1.2,18.5,0,0,0,0,0.17,0,0,0
Cody Zeller,Por,F-C,29.09,9,15.9,33.2,14.1,14.9,23,0.609,27,0.667,3,0,0.6,0.623,5.6,5.2,17.6,1,8.6,0.33,0.22,0.78,7.7,128.4,96.4
Ivica Zubac,Lac,C,24.64,8,23.3,48.4,14.7,12.5,27,0.63,44,0.614,0,0,0.614,0.635,8.9,6.6,14.5,1.6,10.5,0.63,0.63,1,7.8,127,100
Wayne Ellington,Lal,G,33.94,1,8.5,17.7,29.4,0,0,0,1,0,5,0.2,0.25,0.25,3,2,12.5,1,15.1,0,0,0,8.6,73.6,116.4
Chimezie Metu,Sac,F-C,24.63,1,2.6,5.4,32.8,50,0,0,0,0,1,1,1.5,1.5,3,0,0,0,0,0,0,1,0,0,0
Damian Jones,Sac,C,26.35,1,1.9,4,0,0,0,0,0,0,0,0,0,0,0,1,27.3,0,0,0,0,0,0,0,0
